timeStamp,Year,Day,Hour,B,BX_GSE_GSM,BY_GSE,BZ_GSE,BZ_GSM,Speed,Vy,Vz,Proton_Density,Proton_Temperature,Flow_Pressure,Electric_Field,s_c_X_GSE,s_c_Y_GSE,s_c_Z_GSE,BSN_location_X_GSE,BSN_location_Z_GSE,Dst
2024-05-01 00:00:00,2024.0,122.0,0.0,11.596315789473683,-6.085964912280701,-8.724035087719297,-1.9243859649122808,-5.5975438596491225,411.1208333333333,-33.27708333333333,-22.135416666666668,12.169166666666667,50082.60416666666,4.118541666666666,2.2770212765957445,206.3714583333333,85.28770833333333,-5.022708333333333,11.705087719298248,0.6126315789473684,-19.0
2024-05-01 01:00:00,2024.0,122.0,1.0,11.2115,-3.1383333333333336,-9.0635,4.531499999999999,0.2545,408.8559322033898,-30.808474576271188,-20.188135593220338,11.353728813559322,49146.1186440678,3.7977966101694913,-0.0584745762711864,206.4067796610169,85.36864406779661,-5.005762711864406,12.306,0.5961666666666667,-26.0
2024-05-01 02:00:00,2024.0,122.0,2.0,11.068813559322034,0.2359322033898305,-4.173898305084745,10.05593220338983,7.576101694915255,400.50425531914897,-29.81914893617021,0.4085106382978723,13.060425531914897,32540.936170212764,4.187872340425532,-2.9389361702127657,206.44297872340425,85.44425531914894,-4.99531914893617,12.21050847457627,-0.0301694915254237,-21.0
2024-05-01 03:00:00,2024.0,122.0,3.0,10.686,0.242,-0.0805,10.545,9.797833333333331,395.0326086956522,-19.815217391304348,6.039130434782609,17.539782608695653,28348.152173913044,5.481304347826087,-3.880217391304348,206.46891304347827,85.51608695652173,-4.979565217391304,11.660833333333333,-0.1821666666666666,-7.0
2024-05-01 04:00:00,2024.0,122.0,4.0,12.254333333333332,1.2085,-0.0451666666666666,11.9375,11.308,394.1270270270271,-18.75675675675676,-9.28918918918919,12.177567567567568,22056.864864864863,3.797567567567568,-4.458108108108108,206.50243243243244,85.58837837837838,-4.965135135135135,12.742666666666668,0.3461666666666667,-5.0
2024-05-01 05:00:00,2024.0,122.0,5.0,13.173799999999998,1.5124000000000002,1.0476,13.0004,12.7644,389.6,-2.9714285714285715,-13.035714285714286,8.143571428571429,21829.0,2.4735714285714288,-5.001428571428571,206.5421428571429,85.6707142857143,-4.95,13.5884,0.4288,-3.0
2024-05-01 06:00:00,2024.0,122.0,6.0,13.21,1.2220689655172412,2.596896551724138,12.614482758620689,12.844137931034483,385.9333333333333,-9.908333333333331,-5.729166666666667,6.748541666666667,22069.5,2.029583333333333,-4.937083333333333,206.57666666666668,85.75979166666667,-4.933541666666667,14.754137931034483,0.0799999999999999,-5.0
2024-05-01 07:00:00,2024.0,122.0,7.0,13.086,1.855,3.184,12.4005,12.8025,377.38461538461536,-7.659615384615384,-2.6826923076923075,5.390192307692308,17985.98076923077,1.5315384615384615,-4.824423076923077,206.6325,85.88576923076924,-4.910384615384616,15.199166666666668,0.1063333333333333,-4.0
2024-05-01 08:00:00,2024.0,122.0,8.0,13.00925925925926,3.2622222222222224,2.062962962962963,12.388518518518518,12.555555555555555,376.08181818181816,-8.654545454545454,-4.163636363636363,5.800909090909091,16167.818181818182,1.641818181818182,-4.7925,206.6472727272727,85.91727272727272,-4.905454545454545,14.427037037037037,0.104074074074074,-2.0
2024-05-01 09:00:00,2024.0,122.0,9.0,13.1058,3.7788,2.9634000000000005,12.023,12.3348,377.4323529411765,-4.420588235294117,-1.7794117647058822,5.99235294117647,14410.764705882351,1.708529411764706,-4.640909090909091,206.6858823529412,86.00735294117646,-4.884117647058823,14.548799999999998,0.0886,0.0
2024-05-01 10:00:00,2024.0,122.0,10.0,13.242241379310345,3.057586206896552,6.55448275862069,10.987241379310344,11.837586206896551,372.4468085106383,-6.880851063829787,-3.5489361702127664,4.698297872340425,15616.851063829788,1.304255319148936,-4.428936170212766,206.73106382978725,86.10787234042553,-4.865744680851064,15.666206896551724,0.1648275862068965,-3.0
2024-05-01 11:00:00,2024.0,122.0,11.0,13.208823529411765,3.3811764705882354,6.481176470588236,10.961960784313725,11.804509803921569,370.9642857142857,-4.521428571428571,-0.4357142857142858,5.333571428571429,12393.25,1.4692857142857143,-4.38,206.7707142857143,86.20035714285714,-4.847142857142857,15.177843137254904,0.0672549019607843,-4.0
2024-05-01 12:00:00,2024.0,122.0,12.0,13.320666666666666,3.2783333333333333,8.788833333333335,9.419666666666666,10.705666666666668,368.62545454545455,-5.496363636363637,-0.6563636363636364,4.269818181818182,10460.945454545454,1.16,-3.9478181818181817,206.80872727272725,86.29018181818182,-4.831636363636364,16.029666666666667,0.0245,-6.0
2024-05-01 13:00:00,2024.0,122.0,13.0,13.239666666666666,3.0145,8.968166666666667,9.215833333333334,10.688833333333331,361.7808510638298,-4.153191489361702,-1.5808510638297872,3.9017021276595742,10228.27659574468,1.02,-3.871063829787234,206.84659574468088,86.37255319148936,-4.814042553191489,16.62783333333333,0.0731666666666666,-5.0
2024-05-01 14:00:00,2024.0,122.0,14.0,13.171016949152545,2.987966101694916,10.221186440677965,7.48457627118644,9.506610169491523,359.4341463414634,-2.5317073170731708,-8.334146341463414,4.703658536585365,12306.536585365851,1.2153658536585366,-3.4722500000000003,206.87756097560973,86.4390243902439,-4.800975609756097,15.646101694915254,0.3447457627118644,-4.0
2024-05-01 15:00:00,2024.0,122.0,15.0,12.819,2.367833333333333,11.3715,5.366,8.060333333333334,359.2408163265306,-2.646938775510204,-2.5877551020408163,7.024489795918367,9992.530612244898,1.812244897959184,-2.8912244897959183,206.9161224489796,86.52469387755102,-4.785918367346939,14.358166666666667,0.1031666666666666,1.0
2024-05-01 16:00:00,2024.0,122.0,16.0,12.415166666666666,2.0988333333333333,11.450166666666666,4.262,7.438833333333333,357.7847826086956,-2.217391304347826,-0.7847826086956522,8.336739130434783,9324.260869565218,2.134130434782609,-2.655434782608696,206.95152173913044,86.60652173913044,-4.770652173913043,13.764333333333331,0.0278333333333333,3.0
2024-05-01 17:00:00,2024.0,122.0,17.0,12.284666666666668,1.8481666666666667,11.709833333333334,2.998166666666666,6.784000000000001,355.1754716981132,1.7471698113207546,-4.854716981132076,8.992264150943395,11024.490566037735,2.269622641509434,-2.407924528301887,206.99,86.68886792452831,-4.750566037735849,13.719166666666666,0.2025,6.0
2024-05-01 18:00:00,2024.0,122.0,18.0,12.665833333333332,1.4286666666666668,12.5105,0.5028333333333334,5.192166666666666,355.1320754716981,10.830188679245284,-4.850943396226415,5.716981132075472,12879.188679245282,1.4352830188679244,-1.865849056603773,207.02509433962263,86.76754716981132,-4.737547169811321,14.949333333333334,0.1855,1.0
2024-05-01 19:00:00,2024.0,122.0,19.0,12.088833333333334,0.7978333333333333,11.957833333333332,-0.6086666666666667,4.3581666666666665,355.0783333333333,1.5316666666666665,-3.903333333333333,7.818333333333333,29378.866666666665,1.978,-1.5465000000000002,207.0608333333333,86.85066666666667,-4.720833333333333,13.932,0.148,5.0
2024-05-01 20:00:00,2024.0,122.0,20.0,10.826666666666666,2.2031666666666667,10.459166666666668,-0.1128333333333333,4.477,353.6709090909091,12.314545454545454,-1.1218181818181818,15.31309090909091,53798.52727272728,3.8478181818181816,-1.5936363636363635,207.1041818181818,86.938,-4.705636363636364,12.224,0.0133333333333333,12.0
2024-05-01 21:00:00,2024.0,122.0,21.0,11.5285,2.099,11.100833333333332,-1.7503333333333333,3.474333333333333,351.2157894736842,9.43859649122807,7.875438596491228,11.181052631578948,56578.15789473684,2.76,-1.2475438596491228,207.1384210526316,87.02087719298245,-4.6866666666666665,12.7645,-0.294,11.0
2024-05-01 22:00:00,2024.0,122.0,22.0,11.198833333333331,0.0696666666666666,10.483166666666667,-3.6621666666666655,1.5650000000000002,351.8041666666666,2.6125000000000003,2.7541666666666664,10.82875,52378.75,2.681666666666666,-0.6079166666666667,207.1770833333333,87.09604166666666,-4.671666666666667,12.466166666666668,-0.0791666666666666,13.0
2024-05-01 23:00:00,2024.0,122.0,23.0,11.03,-2.0942372881355933,9.502881355932203,-4.942203389830508,-0.0669491525423728,346.4207547169811,13.162264150943397,6.30188679245283,9.62622641509434,35713.622641509435,2.313584905660377,0.0181132075471698,207.2098113207548,87.17415094339621,-4.654905660377358,12.53542372881356,-0.2923728813559322,10.0
2024-05-02 00:00:00,2024.0,123.0,0.0,10.199827586206895,-0.6418965517241378,8.533965517241379,-4.636379310344828,-0.375,335.72682926829265,16.697560975609758,16.412195121951218,11.044634146341464,52356.0243902439,2.484390243902439,-0.0846341463414634,207.2478048780488,87.2480487804878,-4.643658536585366,12.33603448275862,-0.5106896551724138,7.0
2024-05-02 01:00:00,2024.0,123.0,1.0,9.686833333333334,-1.6221666666666663,8.026666666666667,-4.896833333333333,-1.0671666666666666,341.5025641025641,16.446153846153845,-3.717948717948718,11.196153846153846,80709.51282051283,2.6074358974358973,0.2856410256410256,207.2817948717949,87.32794871794871,-4.627179487179488,12.259333333333332,0.1238333333333333,5.0
2024-05-02 02:00:00,2024.0,123.0,2.0,7.531333333333333,1.3103333333333331,6.767,-2.321833333333333,0.5133333333333333,345.07906976744187,7.351162790697675,-8.0,18.226976744186047,50672.44186046512,4.326976744186046,-0.207906976744186,207.33325581395349,87.42976744186046,-4.605581395348837,11.483666666666666,0.2321666666666666,12.0
2024-05-02 03:00:00,2024.0,123.0,3.0,7.0296666666666665,1.3651666666666666,6.324,-2.144833333333333,0.2565,335.20000000000005,3.478048780487805,-9.121951219512194,18.601951219512195,46935.95121951219,4.181219512195122,-0.0724390243902439,207.3653658536585,87.50268292682927,-4.592439024390243,11.617333333333333,0.2699999999999999,13.0
2024-05-02 04:00:00,2024.0,123.0,4.0,6.054166666666666,1.5338333333333334,4.8886666666666665,-1.4505,0.1718333333333333,333.9684210526316,5.389473684210526,-8.86578947368421,15.449473684210528,66603.47368421052,3.449210526315789,-0.0468421052631578,207.395,87.57236842105263,-4.576315789473685,12.060333333333334,0.3345,13.0
2024-05-02 05:00:00,2024.0,123.0,5.0,7.899298245614035,5.611578947368422,3.7492982456140354,-3.238947368421053,-2.057543859649123,343.79459459459457,3.927027027027028,-5.77027027027027,12.70162162162162,62143.78378378379,2.995135135135135,0.6369444444444444,207.4389189189189,87.66405405405406,-4.558918918918918,12.07736842105263,0.159298245614035,13.0
2024-05-02 06:00:00,2024.0,123.0,6.0,8.335277777777778,1.2644444444444445,5.701388888888889,-3.1097222222222225,-1.7194444444444443,357.2033333333333,6.1033333333333335,-0.86,10.425666666666666,85602.26666666666,2.662,0.6063333333333334,207.475,87.74233333333333,-4.543333333333334,12.441944444444443,0.045,8.0
2024-05-02 07:00:00,2024.0,123.0,7.0,7.233898305084746,0.623728813559322,6.386101694915253,-3.1274576271186443,-1.7577966101694915,355.01714285714286,1.3342857142857143,-1.8228571428571427,11.949142857142856,89747.88571428572,3.005428571428572,0.5711428571428571,207.514,87.82257142857142,-4.524857142857142,12.137457627118645,0.0710169491525423,6.0
2024-05-02 08:00:00,2024.0,123.0,8.0,6.372678571428572,1.2530357142857145,1.4698214285714286,-2.4310714285714288,-2.112142857142857,347.22444444444443,-5.786666666666666,-5.8133333333333335,18.086666666666662,65668.75555555556,4.347777777777778,0.7382222222222222,207.55044444444445,87.904,-4.509777777777778,11.644107142857145,0.1687499999999999,10.0
2024-05-02 09:00:00,2024.0,123.0,9.0,10.700666666666669,1.0701666666666665,9.425833333333332,-3.125833333333333,-1.638,364.6263157894737,-9.243859649122806,-14.977192982456142,18.07508771929825,78892.98245614035,4.816315789473684,0.5914035087719298,207.59543859649125,87.99368421052633,-4.492280701754386,11.438,0.4805,16.0
2024-05-02 10:00:00,2024.0,123.0,10.0,12.542,1.2261666666666666,7.543833333333334,-9.418333333333331,-8.2335,361.6857142857143,-17.323214285714286,-31.292857142857144,14.191785714285714,43181.53571428572,3.712142857142857,2.9925,207.6305357142857,88.06982142857143,-4.476964285714286,10.960333333333333,0.9368333333333332,13.0
2024-05-02 11:00:00,2024.0,123.0,11.0,11.79103448275862,2.453448275862069,6.605,-9.294310344827586,-8.24741379310345,355.5872727272727,-14.88181818181818,-29.512727272727272,14.434727272727272,42978.454545454544,3.6514545454545457,2.9494444444444445,207.6681818181818,88.15163636363637,-4.456727272727273,10.979655172413796,0.8929310344827586,3.0
2024-05-02 12:00:00,2024.0,123.0,12.0,9.931272727272727,2.5650909090909093,1.6089090909090908,-9.038,-8.68309090909091,355.225,-25.672500000000003,-27.797500000000003,15.01575,63441.5,3.792,3.03,207.7085,88.23400000000001,-4.444000000000001,10.883818181818182,0.856909090909091,-3.0
2024-05-02 13:00:00,2024.0,123.0,13.0,9.464615384615383,4.413269230769231,-0.4844230769230769,-8.063461538461539,-8.018846153846154,346.19473684210527,-26.86842105263158,-27.144736842105264,14.138157894736842,71472.47368421052,3.3910526315789475,2.8008571428571427,207.7484210526316,88.31315789473685,-4.425526315789473,11.2275,0.8590384615384615,-11.0
2024-05-02 14:00:00,2024.0,123.0,14.0,17.075762711864407,6.097118644067797,-3.521864406779661,-14.957627118644067,-15.369322033898303,385.39473684210526,-36.857894736842105,-37.80701754385965,22.21982456140351,67830.9649122807,6.74578947368421,5.995,207.7856140350877,88.39456140350877,-4.408596491228071,9.360677966101694,0.9108474576271188,-11.0
2024-05-02 15:00:00,2024.0,123.0,15.0,21.31,9.930338983050849,-14.542203389830508,-11.270169491525424,-14.546440677966102,393.7575,-64.595,-17.9675,25.29025,79921.425,7.857000000000001,5.554358974358975,207.82125,88.4745,-4.39,9.704067796610168,0.4772881355932203,-43.0
2024-05-02 16:00:00,2024.0,123.0,16.0,18.76052631578948,5.706842105263158,-13.590350877192982,7.329298245614034,3.0894736842105264,409.2365384615384,-33.68269230769231,2.805769230769231,30.79980769230769,96649.51923076923,10.290192307692308,-1.3034,207.85692307692307,88.5501923076923,-4.377307692307692,10.858771929824565,-0.0743859649122807,-71.0
2024-05-02 17:00:00,2024.0,123.0,17.0,19.477288135593223,5.333559322033898,-13.805423728813558,-5.535762711864407,-9.797118644067796,433.9148936170213,28.051063829787232,-50.33404255319149,17.052553191489363,119901.02127659574,6.445531914893617,4.733260869565217,207.90468085106383,88.63787234042552,-4.359574468085106,10.35084745762712,1.1315254237288137,-70.0
2024-05-02 18:00:00,2024.0,123.0,18.0,20.969,0.4851666666666666,-14.538333333333332,-14.63,-19.004,442.754761904762,37.41190476190476,-68.53333333333333,13.572142857142856,72000.54761904762,5.323571428571428,8.364761904761904,207.9397619047619,88.71523809523809,-4.340238095238095,9.814333333333334,1.5391666666666666,-82.0
2024-05-02 19:00:00,2024.0,123.0,19.0,20.361016949152543,2.53728813559322,-16.167796610169493,-7.194915254237288,-13.19915254237288,431.8478260869565,34.96521739130435,-53.48913043478261,12.340434782608694,76764.63043478261,4.610652173913044,5.212826086956522,207.9752173913044,88.78239130434783,-4.328695652173913,10.91,1.39135593220339,-89.0
2024-05-02 20:00:00,2024.0,123.0,20.0,17.75466666666667,3.872,-14.172888888888888,9.74222222222222,2.685111111111111,431.6102564102564,52.96666666666666,-6.974358974358975,18.677179487179487,127942.30769230767,6.957948717948718,-1.0942105263157895,208.0130769230769,88.85846153846154,-4.311538461538461,11.246,0.1933333333333333,-88.0
2024-05-02 21:00:00,2024.0,123.0,21.0,17.143005681818185,3.7128655303030302,-13.597804924242425,9.30683712121212,2.544140151515152,430.247705952584,50.47527716186252,-6.736056626300529,17.970655807607027,123848.2959235886,6.687931093296947,-1.031690979110748,208.0531698789016,88.93799931775541,-4.294217977144807,11.39704356060606,0.1872632575757575,-67.0
2024-05-02 22:00:00,2024.0,123.0,22.0,16.5313446969697,3.5537310606060606,-13.02272095959596,8.871452020202018,2.403169191919192,428.8851554949116,47.98388765705838,-6.497754278242084,17.264132128034568,119754.2841548695,6.417913468645176,-0.9691714319057066,208.09326283472623,89.0175370970493,-4.276897492751151,11.548087121212122,0.1811931818181817,-44.0
2024-05-02 23:00:00,2024.0,123.0,23.0,15.919683712121214,3.394596590909091,-12.447636994949494,8.436066919191916,2.2621982323232324,427.5226050372392,45.49249815225424,-6.259451930183638,16.557608448462105,115660.27238615042,6.147895843993405,-0.9066518847006652,208.1333557905509,89.09707487634317,-4.259577008357496,11.699130681818184,0.175123106060606,-53.0
2024-05-03 00:00:00,2024.0,124.0,0.0,15.308022727272729,3.2354621212121213,-11.87255303030303,8.000681818181816,2.1212272727272725,426.1600545795668,43.00110864745011,-6.021149582125193,15.851084768889644,111566.26061743134,5.877878219341635,-0.8441323374956238,208.1734487463756,89.17661265563704,-4.242256523963841,11.850174242424243,0.1690530303030302,-55.0
2024-05-03 01:00:00,2024.0,124.0,1.0,14.696361742424244,3.076327651515152,-11.297469065656564,7.565296717171715,1.980256313131313,424.7975041218944,40.50971914264596,-5.782847234066747,15.144561089317186,107472.24884871225,5.607860594689863,-0.7816127902905823,208.21354170220025,89.25615043493093,-4.224936039570186,12.001217803030304,0.1629829545454545,-53.0
2024-05-03 02:00:00,2024.0,124.0,2.0,14.08470075757576,2.917193181818182,-10.7223851010101,7.129911616161614,1.8392853535353533,423.434953664222,38.01832963784183,-5.5445448860083015,14.438037409744728,103378.23707999317,5.337842970038093,-0.7190932430855409,208.2536346580249,89.3356882142248,-4.207615555176531,12.152261363636365,0.1569128787878787,-47.0
2024-05-03 03:00:00,2024.0,124.0,3.0,13.473039772727274,2.758058712121212,-10.147301136363636,6.694526515151513,1.698314393939394,422.0724032065496,35.52694013303769,-5.306242537949856,13.731513730172267,99284.22531127407,5.067825345386321,-0.6565736958804995,208.2937276138496,89.41522599351869,-4.190295070782875,12.303304924242424,0.1508428030303029,-54.0
2024-05-03 04:00:00,2024.0,124.0,4.0,12.861378787878788,2.5989242424242427,-9.57221717171717,6.259141414141412,1.5573434343434345,420.7098527488772,33.03555062823355,-5.06794018989141,13.024990050599806,95190.213542555,4.79780772073455,-0.594054148675458,208.33382056967423,89.49476377281256,-4.172974586389221,12.454348484848484,0.1447727272727272,-51.0
2024-05-03 05:00:00,2024.0,124.0,5.0,12.249717803030304,2.4397897727272726,-8.997133207070707,5.823756313131312,1.4163724747474746,419.3473022912047,30.54416112342941,-4.829637841832964,12.318466371027345,91096.2017738359,4.52779009608278,-0.5315346014704165,208.3739135254989,89.57430155210643,-4.155654101995565,12.605392045454543,0.1387026515151514,-49.0
2024-05-03 06:00:00,2024.0,124.0,6.0,11.63805681818182,2.2806553030303034,-8.422049242424242,5.388371212121211,1.275401515151515,417.9847518335323,28.052771618625272,-4.591335493774519,11.611942691454884,87002.19000511682,4.257772471431009,-0.4690150542653751,208.41400648132355,89.65383933140032,-4.13833361760191,12.756435606060606,0.1326325757575757,-47.0
2024-05-03 07:00:00,2024.0,124.0,7.0,11.026395833333334,2.1215208333333333,-7.846965277777778,4.95298611111111,1.1344305555555554,416.6222013758599,25.561382113821136,-4.353033145716073,10.905419011882426,82908.17823639774,3.9877548467792376,-0.4064955070603337,208.45409943714824,89.73337711069419,-4.121013133208255,12.907479166666668,0.1265624999999999,-44.0
2024-05-03 08:00:00,2024.0,124.0,8.0,10.41473484848485,1.962386363636364,-7.271881313131313,4.517601010101009,0.993459595959596,415.2596509181875,23.069992609017,-4.114730797657627,10.198895332309966,78814.16646767865,3.7177372221274654,-0.3439759598552923,208.49419239297288,89.81291488998806,-4.1036926488146,13.058522727272727,0.1204924242424241,-38.0
2024-05-03 09:00:00,2024.0,124.0,9.0,9.803073863636364,1.803251893939394,-6.696797348484848,4.082215909090908,0.8524886363636364,413.8971004605151,20.57860310421286,-3.8764284495991816,9.492371652737503,74720.15469895957,3.447719597475696,-0.2814564126502508,208.53428534879757,89.89245266928195,-4.086372164420945,13.209566287878788,0.1144223484848484,-36.0
2024-05-03 10:00:00,2024.0,124.0,10.0,9.19141287878788,1.6441174242424244,-6.121713383838383,3.646830808080807,0.7115176767676767,412.53455000284265,18.08721359940872,-3.638126101540736,8.785847973165046,70626.14293024049,3.1777019728239244,-0.2189368654452094,208.5743783046222,89.97199044857582,-4.06905168002729,13.360609848484849,0.1083522727272726,-33.0
2024-05-03 11:00:00,2024.0,124.0,11.0,8.579751893939394,1.4849829545454547,-5.54662941919192,3.2114457070707063,0.5705467171717169,411.1719995451703,15.59582409460458,-3.3998237534822904,8.079324293592585,66532.13116152139,2.907684348172154,-0.156417318240168,208.6144712604469,90.0515282278697,-4.051731195633635,13.511653409090908,0.1022821969696969,-32.0
2024-05-03 12:00:00,2024.0,124.0,12.0,7.968090909090909,1.325848484848485,-4.971545454545455,2.776060606060605,0.4295757575757575,409.80944908749785,13.10443458980044,-3.1615214054238447,7.372800614020125,62438.11939280231,2.6376667235203826,-0.0938977710351265,208.65456421627152,90.13106600716358,-4.034410711239979,13.66269696969697,0.0962121212121211,-31.0
2024-05-03 13:00:00,2024.0,124.0,13.0,7.356429924242425,1.1667140151515154,-4.396461489898989,2.3406755050505046,0.2886047979797981,408.4468986298255,10.6130450849963,-2.923219057365399,6.666276934447666,58344.10762408323,2.367649098868611,-0.031378223830085,208.6946571720962,90.21060378645744,-4.017090226846324,13.81374053030303,0.0901420454545453,-29.0
2024-05-03 14:00:00,2024.0,124.0,14.0,6.744768939393939,1.0075795454545458,-3.821377525252526,1.905290404040404,0.1476338383838382,407.08434817215306,8.121655580192161,-2.684916709306953,5.959753254875205,54250.09585536414,2.0976314742168407,0.0311413233749564,208.73475012792088,90.29014156575134,-3.999769742452669,13.96478409090909,0.0840719696969696,-30.0
2024-05-03 15:00:00,2024.0,124.0,15.0,6.133107954545455,0.8484450757575761,-3.246293560606061,1.4699053030303038,0.0066628787878788,405.7217977144807,5.630266075388022,-2.446614361248508,5.253229575302745,50156.08408664506,1.8276138495650691,0.0936608705799977,208.77484308374557,90.3696793450452,-3.982449258059014,14.11582765151515,0.0780018939393938,-27.0
2024-05-03 16:00:00,2024.0,124.0,16.0,5.521446969696969,0.6893106060606065,-2.671209595959596,1.034520202020202,-0.134308080808081,404.3592472568082,3.138876570583882,-2.2083120131900618,4.546705895730284,46062.072317925966,1.5575962249132989,0.1561804177850392,208.8149360395702,90.44921712433909,-3.9651287736653593,14.266871212121211,0.0719318181818181,-27.0
2024-05-03 17:00:00,2024.0,124.0,17.0,4.909785984848485,0.5301761363636368,-2.096125631313132,0.5991351010101003,-0.2752790404040404,402.9966967991358,0.6474870657797496,-1.9700096651316168,3.840182216157825,41968.060549206886,1.2875786002615277,0.2186999649900807,208.8550289953949,90.52875490363296,-3.947808289271704,14.417914772727272,0.0658617424242423,-29.0
2024-05-03 18:00:00,2024.0,124.0,18.0,4.298125,0.3710416666666666,-1.5210416666666668,0.16375,-0.41625,401.6341463414634,-1.8439024390243903,-1.7317073170731707,3.133658536585365,37874.04878048781,1.017560975609756,0.2812195121951219,208.89512195121952,90.60829268292684,-3.930487804878049,14.568958333333333,0.0597916666666666,-30.0
2024-05-03 19:00:00,2024.0,124.0,19.0,4.254137931034483,-1.4441379310344828,-0.5013793103448275,0.6729310344827586,0.4148275862068965,399.7355555555556,3.728888888888889,-3.497777777777778,3.0324444444444447,29269.422222222223,0.9846666666666668,-0.0595454545454545,208.918,90.64933333333332,-3.921777777777778,14.463275862068963,0.0918965517241379,-32.0
2024-05-03 20:00:00,2024.0,124.0,20.0,4.00375,-3.6291666666666655,-0.2527083333333333,1.455833333333333,1.2027083333333335,408.6315789473685,4.239473684210526,1.6078947368421053,3.816052631578947,22807.86842105263,1.275,-0.4794736842105263,208.9728947368421,90.75394736842104,-3.90078947368421,14.021458333333332,-0.0527083333333333,-28.0
2024-05-03 21:00:00,2024.0,124.0,21.0,4.128043478260869,-3.738695652173913,-1.1758695652173912,1.1645652173913044,0.52,406.5128205128205,-0.1923076923076923,2.0615384615384618,4.045897435897436,24062.79487179487,1.34025641025641,-0.2094736842105263,209.01743589743592,90.83384615384615,-3.882051282051282,14.090217391304348,-0.0621739130434782,-22.0
2024-05-03 22:00:00,2024.0,124.0,22.0,4.144406779661018,-3.8330508474576273,-0.8988135593220339,1.1833898305084745,0.6494915254237288,395.1347826086957,2.460869565217392,1.784782608695652,3.1286956521739127,19336.717391304348,0.9795652173913044,-0.2542222222222222,209.0663043478261,90.93086956521738,-3.858695652173913,14.693898305084746,-0.0608474576271186,-17.0
2024-05-03 23:00:00,2024.0,124.0,23.0,4.177586206896552,-3.655172413793104,-1.19,1.6213793103448275,0.9167241379310344,392.11875,1.66875,0.53125,2.808125,13765.875,0.86375,-0.358,209.09,90.97625,-3.85,14.916896551724138,-0.0239655172413793,-17.0
2024-05-04 00:00:00,2024.0,125.0,0.0,3.953859649122807,-3.280350877192982,-1.4352631578947368,1.6205263157894738,0.8356140350877194,393.89047619047625,-0.7452380952380953,3.8904761904761904,3.3295238095238098,18238.02380952381,1.0366666666666666,-0.3069047619047619,209.11880952380952,91.03333333333332,-3.837142857142857,14.643508771929824,-0.1152631578947368,-18.0
2024-05-04 01:00:00,2024.0,125.0,1.0,3.759833333333333,-3.376,-1.2383333333333333,1.022,0.419,392.9694444444444,-3.011111111111111,7.574999999999999,3.676388888888889,23938.972222222223,1.1341666666666663,-0.1563888888888888,209.1772222222222,91.13694444444444,-3.813611111111111,14.315666666666663,-0.2691666666666667,-18.0
2024-05-04 02:00:00,2024.0,125.0,2.0,3.907818181818182,-3.0794545454545457,-1.6212727272727272,1.7114545454545451,0.9594545454545456,391.05757575757576,-5.366666666666666,5.387878787878789,3.4593939393939395,17547.333333333332,1.057878787878788,-0.365,209.19636363636363,91.1757575757576,-3.803636363636364,14.495272727272727,-0.2094545454545454,-17.0
2024-05-04 03:00:00,2024.0,125.0,3.0,3.7003333333333335,-3.269,-0.1865,1.6858333333333335,1.5160000000000002,393.48536585365855,-4.119512195121952,6.087804878048781,4.961463414634146,19025.17073170732,1.535609756097561,-0.5860975609756098,209.2231707317073,91.22829268292683,-3.7912195121951218,13.645833333333334,-0.2055,-13.0
2024-05-04 04:00:00,2024.0,125.0,4.0,4.184333333333333,-3.7435,-0.9083333333333332,1.503,1.147333333333333,384.12888888888887,-1.4044444444444446,3.4844444444444447,5.488444444444444,11461.08888888889,1.6197777777777778,-0.4511111111111111,209.28644444444444,91.34866666666666,-3.762888888888889,13.571833333333332,-0.1256666666666666,-10.0
2024-05-04 05:00:00,2024.0,125.0,5.0,4.247090909090909,-3.535272727272728,0.1427272727272727,2.2674545454545454,2.223636363636364,380.56,5.180000000000001,4.965714285714286,5.879714285714286,12345.6,1.704,-0.88,209.34685714285715,91.45828571428572,-3.740285714285714,13.463636363636365,-0.1685454545454545,-8.0
2024-05-04 06:00:00,2024.0,125.0,6.0,4.472666666666667,-3.397,0.1431666666666666,2.8601666666666667,2.8175000000000003,375.1833333333333,4.472222222222222,10.394444444444446,5.522777777777778,12437.833333333334,1.555,-1.027222222222222,209.38444444444443,91.5411111111111,-3.7200000000000006,13.685166666666667,-0.3666666666666666,-7.0
2024-05-04 07:00:00,2024.0,125.0,7.0,4.421,-3.5151666666666666,-0.211,2.485,2.3988333333333336,372.3325,3.8375,9.875,5.81425,15136.75,1.6115,-0.8467499999999999,209.408,91.57425,-3.708250000000001,13.596,-0.3781666666666667,-8.0
2024-05-04 08:00:00,2024.0,125.0,8.0,4.3646666666666665,-3.5521666666666665,-1.397333333333333,1.9628333333333328,1.7068333333333332,370.7673076923077,-0.5615384615384615,11.171153846153846,5.5042307692307695,18565.596153846152,1.5134615384615384,-0.6863461538461538,209.4578846153846,91.66442307692309,-3.6907692307692304,13.760666666666667,-0.3986666666666666,-9.0
2024-05-04 09:00:00,2024.0,125.0,9.0,4.521525423728813,-3.895593220338983,-1.90864406779661,1.11864406779661,0.8286440677966102,367.69375,-1.125,6.359375,4.7021875,15957.125,1.2715625,-0.3021875,209.5065625,91.7571875,-3.669375,14.117457627118643,-0.2588135593220338,-10.0
2024-05-04 10:00:00,2024.0,125.0,10.0,4.408771929824562,-3.453684210526316,-2.4071929824561407,0.3603508771929824,0.0349122807017543,369.9826086956522,-1.856521739130435,6.997826086956521,4.7976086956521735,18785.369565217392,1.315217391304348,-0.0306521739130434,209.5373913043478,91.81217391304348,-3.6565217391304334,14.000175438596491,-0.2594736842105263,-10.0
2024-05-04 11:00:00,2024.0,125.0,11.0,4.351333333333333,-3.087333333333333,-3.006333333333333,0.0701666666666666,-0.335,371.94035087719294,-8.085964912280701,5.859649122807017,3.886315789473685,16084.491228070176,1.0766666666666669,0.1208771929824561,209.56894736842105,91.87333333333332,-3.641578947368421,14.536,-0.2236666666666666,-9.0
2024-05-04 12:00:00,2024.0,125.0,12.0,4.052333333333333,-2.483,-3.168,0.1128333333333333,-0.348,362.5258620689655,0.0706896551724137,4.324137931034483,2.8005172413793105,15297.03448275862,0.7363793103448276,0.1175862068965517,209.6079310344828,91.94327586206896,-3.626206896551724,15.355333333333334,-0.1798333333333333,-9.0
2024-05-04 13:00:00,2024.0,125.0,13.0,4.188,-2.422166666666667,-3.3641666666666667,0.2778333333333334,-0.2915,362.8559322033898,-0.4677966101694915,8.967796610169492,2.32593220338983,19392.1186440678,0.6120338983050847,0.1077966101694915,209.6493220338983,92.0113559322034,-3.611525423728813,15.854166666666666,-0.4033333333333333,-11.0
2024-05-04 14:00:00,2024.0,125.0,14.0,4.188305084745763,-1.6171186440677965,-3.811864406779661,0.0183050847457627,-0.7396610169491525,350.07954545454544,-6.204545454545454,8.213636363636363,2.4175,18363.954545454544,0.5918181818181818,0.2522727272727272,209.6784090909091,92.07568181818182,-3.5963636363636367,15.987966101694914,-0.3759322033898305,-11.0
2024-05-04 15:00:00,2024.0,125.0,15.0,4.062666666666667,-1.5228333333333337,-3.628833333333333,-0.213,-1.0718333333333334,346.0519230769231,-10.367307692307692,4.338461538461538,3.3288461538461536,15641.53846153846,0.803076923076923,0.3596153846153846,209.71846153846155,92.14442307692308,-3.5776923076923075,15.193333333333332,-0.2018333333333333,-12.0
2024-05-04 16:00:00,2024.0,125.0,16.0,3.929,-2.0738333333333334,-3.260666666666667,-0.4135,-1.3153333333333337,357.0686274509804,-13.429411764705884,2.423529411764706,4.968823529411765,17143.49019607843,1.2672549019607842,0.4584313725490196,209.76549019607845,92.2335294117647,-3.5578431372549018,14.060166666666667,-0.0801666666666666,-12.0
2024-05-04 17:00:00,2024.0,125.0,17.0,4.4375,-2.503,-3.5781666666666667,-0.5525,-1.6856666666666666,356.4857142857143,-8.946428571428571,0.3732142857142856,5.321607142857142,20785.125,1.3532142857142857,0.6008928571428571,209.81196428571428,92.31321428571428,-3.5380357142857144,13.936,0.0016666666666666,-10.0
2024-05-04 18:00:00,2024.0,125.0,18.0,5.3261666666666665,-3.794333333333333,-3.708833333333333,-0.3901666666666666,-1.717,358.3864406779661,-2.0220338983050845,-5.291525423728813,6.307118644067796,22998.745762711864,1.6220338983050848,0.6149152542372881,209.85593220338984,92.3913559322034,-3.5216949152542374,13.6115,0.2014999999999999,-9.0
2024-05-04 19:00:00,2024.0,125.0,19.0,5.191999999999999,-3.375,-3.823333333333333,-0.7591666666666667,-2.2265,360.56,-4.241666666666666,-10.426666666666668,8.175833333333333,27282.6,2.126333333333333,0.8025,209.88933333333333,92.44633333333331,-3.505,12.986,0.375,-8.0
2024-05-04 20:00:00,2024.0,125.0,20.0,5.686333333333334,-3.256666666666667,-4.525,-1.0351666666666666,-2.8633333333333337,362.48928571428576,-5.896428571428571,-10.705357142857142,9.331607142857145,30551.67857142857,2.4525,1.0410714285714284,209.9205357142857,92.505,-3.4914285714285715,12.688,0.3676666666666666,-9.0
2024-05-04 21:00:00,2024.0,125.0,21.0,5.938999999999999,-2.3553333333333333,-5.4046666666666665,-0.4298333333333333,-2.7735,362.822,-11.345999999999998,-6.064,11.102,34732.1,2.9228000000000005,1.006,209.9602,92.5738,-3.4752,12.475833333333332,0.2093333333333333,-8.0
2024-05-04 22:00:00,2024.0,125.0,22.0,5.116166666666667,-3.208333333333333,-3.244666666666667,-0.3933333333333333,-1.805,359.4392857142857,-10.31607142857143,-5.116071428571429,13.096964285714284,35002.642857142855,3.384464285714286,0.6216071428571429,210.00446428571428,92.65517857142856,-3.458214285714285,12.163333333333332,0.1765,-3.0
2024-05-04 23:00:00,2024.0,125.0,23.0,4.264,-3.0356666666666663,-2.004,-0.0883333333333333,-0.9701666666666668,354.37735849056605,-3.060377358490566,-5.996226415094339,15.783584905660376,29926.45283018868,3.9643396226415097,0.3654716981132075,210.0573584905661,92.74905660377358,-3.4337735849056608,11.9035,0.206,2.0
2024-05-05 00:00:00,2024.0,126.0,0.0,4.250666666666667,-2.9466666666666668,1.7591666666666663,0.0026666666666666,0.7515000000000001,348.8057142857143,1.7057142857142855,-4.025714285714286,14.878571428571428,31307.8,3.623142857142857,-0.2348571428571428,210.08428571428573,92.80085714285715,-3.4225714285714286,12.028333333333334,0.1456666666666666,4.0
2024-05-05 01:00:00,2024.0,126.0,1.0,4.745263157894737,-2.151052631578948,3.082280701754386,0.4108771929824561,1.645438596491228,341.1818181818182,8.796969696969697,-3.124242424242424,14.956666666666669,26665.21212121212,3.48,-0.5924242424242424,210.10090909090908,92.8348484848485,-3.415454545454545,12.137192982456142,0.107719298245614,2.0
2024-05-05 02:00:00,2024.0,126.0,2.0,4.615833333333333,-3.3475,1.8938333333333333,0.8798333333333334,1.5288333333333337,344.214,1.76,-3.422,14.975,26406.68,3.5476,-0.5348,210.1332,92.8832,-3.4024,12.117666666666668,0.105,3.0
2024-05-05 03:00:00,2024.0,126.0,3.0,4.539833333333333,-3.3526666666666665,-0.1871666666666666,-0.5924999999999999,-0.6268333333333334,338.7862068965517,-7.0,-11.37758620689655,16.877241379310345,23148.758620689656,3.872413793103448,0.211551724137931,210.1855172413793,92.97827586206895,-3.381206896551725,11.880833333333332,0.4021666666666667,0.0
2024-05-05 04:00:00,2024.0,126.0,4.0,3.93,-0.3371186440677966,-3.33728813559322,-1.3633898305084746,-2.3091525423728814,330.871875,-18.225,-14.721875,15.6821875,21350.5625,3.433125,0.7303125,210.2325,93.0634375,-3.3540625,12.0664406779661,0.5388135593220339,-5.0
2024-05-05 05:00:00,2024.0,126.0,5.0,3.283666666666667,0.222,-3.0936666666666666,-0.8953333333333333,-1.6833333333333331,330.38709677419354,-23.296774193548387,-17.693548387096776,14.923870967741935,21619.16129032258,3.258387096774194,0.5825806451612903,210.27193548387092,93.12903225806453,-3.346774193548387,12.174666666666669,0.6656666666666666,-7.0
2024-05-05 06:00:00,2024.0,126.0,6.0,2.370175438596492,0.2263157894736842,-1.7766666666666666,-0.9689473684210526,-1.3494736842105264,326.34375,-16.302083333333332,-23.0375,17.284791666666667,18470.416666666668,3.6810416666666654,0.4419148936170212,210.30166666666665,93.180625,-3.326875,11.935263157894736,0.8471929824561404,-5.0
2024-05-05 07:00:00,2024.0,126.0,7.0,3.218166666666667,0.7408333333333333,-1.7568333333333332,-1.8905,-2.181666666666666,332.7448979591837,-24.97959183673469,-23.026530612244898,25.964081632653063,22378.97959183673,5.81938775510204,0.7053061224489796,210.3487755102041,93.2691836734694,-3.30734693877551,11.1455,0.7683333333333333,2.0
2024-05-05 08:00:00,2024.0,126.0,8.0,4.680000000000001,0.6041666666666666,-3.1236666666666664,-2.977333333333333,-3.441333333333333,336.2217391304348,-23.94782608695652,-23.65,33.32195652173913,24472.08695652174,7.55,1.1639130434782607,210.38543478260868,93.33195652173912,-3.2893478260869564,10.499166666666667,0.7334999999999999,7.0
2024-05-05 09:00:00,2024.0,126.0,9.0,5.035833333333334,-0.6027083333333333,-1.7064583333333332,-4.451458333333333,-4.647083333333334,330.7809523809524,-25.342857142857145,-24.66190476190476,29.47190476190476,23472.47619047619,6.449523809523809,1.7185,210.4219047619048,93.39380952380952,-3.2752380952380955,10.530833333333334,0.8279166666666667,6.0
2024-05-05 10:00:00,2024.0,126.0,10.0,1.877,-0.6001666666666666,0.6021666666666667,0.2463333333333333,0.3213333333333333,321.1327586206897,-24.196551724137933,-24.96551724137931,32.79448275862069,16379.672413793103,6.765862068965517,-0.1036206896551724,210.4720689655172,93.48206896551724,-3.2536206896551727,10.987,0.8565,8.0
2024-05-05 11:00:00,2024.0,126.0,11.0,1.847090909090909,-0.3203636363636364,1.1734545454545455,0.9465454545454546,1.089090909090909,318.1,-22.08,-26.09,32.323,15961.3,6.541333333333333,-0.3424999999999999,210.5016666666667,93.532,-3.2423333333333333,11.094363636363637,0.9032727272727272,13.0
2024-05-05 12:00:00,2024.0,126.0,12.0,2.4782758620689656,-0.5201724137931034,0.9741379310344828,1.2294827586206898,1.3567241379310344,316.96444444444444,-23.05555555555556,-29.0,31.222,18321.222222222223,6.269555555555556,-0.4332558139534883,210.54577777777777,93.60844444444444,-3.225111111111111,11.19103448275862,0.9991379310344828,18.0
2024-05-05 13:00:00,2024.0,126.0,13.0,5.694,-3.7098333333333335,2.5083333333333333,3.369,3.733666666666666,324.42121212121214,-16.21818181818182,-7.087878787878788,24.10727272727273,38417.51515151515,5.076060606060606,-1.2054545454545456,210.59484848484848,93.69151515151516,-3.205151515151515,11.633,0.2535,19.0
2024-05-05 14:00:00,2024.0,126.0,14.0,5.7965,-4.137666666666666,1.6923333333333332,2.5936666666666666,2.865333333333333,318.8088888888889,-10.715555555555556,-6.582222222222222,24.320222222222224,36936.37777777778,4.946888888888889,-0.862,210.6331111111111,93.76133333333334,-3.1862222222222223,11.639833333333334,0.2135,22.0
2024-05-05 15:00:00,2024.0,126.0,15.0,6.206833333333334,-4.194333333333334,0.8653333333333334,3.407,3.5095,320.1745098039216,-7.486274509803922,-13.574509803921568,26.12254901960784,35271.21568627451,5.373725490196079,-1.1358823529411766,210.6662745098039,93.81235294117648,-3.172941176470588,11.577833333333333,0.4998333333333333,22.0
2024-05-05 16:00:00,2024.0,126.0,16.0,7.213500000000001,-3.67925,-0.37375,5.57575,5.252750000000001,316.4379310344828,-0.0551724137931034,-20.279310344827586,21.888965517241378,37000.27586206896,4.39448275862069,-1.4925925925925925,210.71241379310345,93.89310344827588,-3.1524137931034484,12.17075,0.81775,18.0
2024-05-05 17:00:00,2024.0,126.0,17.0,8.852881355932205,-5.531186440677966,-1.874915254237288,6.354237288135593,5.414237288135594,318.234693877551,10.228571428571428,-19.281632653061223,15.196938775510205,44387.04081632653,3.07469387755102,-1.6667346938775511,210.7616326530612,93.98,-3.126938775510204,12.627966101694916,0.7606779661016949,15.0
2024-05-05 18:00:00,2024.0,126.0,18.0,8.661,-4.951,0.6858333333333333,5.38,5.276333333333333,333.67291666666665,3.9645833333333336,-16.835416666666667,18.850416666666668,69345.625,4.222916666666666,-1.7054166666666666,210.79541666666668,94.04166666666669,-3.1143750000000003,12.0515,0.5963333333333334,14.0
2024-05-05 19:00:00,2024.0,126.0,19.0,8.925084745762712,-3.709830508474576,-1.332372881355932,2.786949152542373,2.053728813559322,338.9061224489796,7.583673469387755,-10.508163265306122,19.47285714285714,82686.8163265306,4.479183673469388,-0.47375,210.84551020408165,94.12061224489796,-3.09265306122449,11.647118644067795,0.3794915254237288,10.0
2024-05-05 20:00:00,2024.0,126.0,20.0,11.119111111111112,3.6673333333333336,-0.9975555555555556,-8.175555555555555,-7.839333333333333,353.878125,4.4375,-0.625,18.090625,69574.65625,4.5375,2.5933333333333333,210.893125,94.2046875,-3.0715625,10.58,-0.0015555555555555,-1.0
2024-05-05 21:00:00,2024.0,126.0,21.0,11.3336,2.6612,-1.1958,-10.8194,-10.247,350.71935483870965,1.0774193548387097,8.0,18.78322580645161,77946.2258064516,4.620645161290323,3.626,210.93645161290323,94.26935483870967,-3.0570967741935484,10.3318,-0.2318,-18.0
2024-05-05 22:00:00,2024.0,126.0,22.0,12.7945,6.397666666666667,-0.4303333333333333,-10.699,-9.777,364.787037037037,-9.58148148148148,-2.824074074074074,19.28851851851852,62786.18518518518,5.136111111111112,3.565925925925926,210.9631481481481,94.32092592592592,-3.043888888888889,10.194833333333332,0.071,-33.0
2024-05-05 23:00:00,2024.0,126.0,23.0,13.1395,7.1605,-0.2963333333333333,-10.345333333333334,-9.419333333333332,375.60909090909087,-26.96136363636364,-2.243181818181818,22.110227272727272,45221.06818181818,6.240681818181818,3.513636363636364,211.00090909090912,94.38386363636364,-3.0252272727272724,9.9475,0.0788333333333333,-39.0
2024-05-06 00:00:00,2024.0,127.0,0.0,10.813166666666666,4.915,3.221166666666667,-7.763833333333333,-5.660666666666667,375.89090909090913,-26.547727272727272,-4.370454545454545,30.65,51484.81818181818,8.664090909090909,2.039318181818182,211.0359090909091,94.435,-3.0127272727272727,9.746,0.109,-33.0
2024-05-06 01:00:00,2024.0,127.0,1.0,14.394,-4.472,13.142,3.5108333333333333,8.522,375.1145833333333,4.822916666666667,-4.535416666666666,9.232916666666666,98479.66666666669,2.6008333333333336,-3.2183333333333333,211.0764583333333,94.50979166666669,-2.9916666666666667,13.541166666666667,0.1793333333333333,-43.0
2024-05-06 02:00:00,2024.0,127.0,2.0,14.682833333333331,-5.425666666666667,12.8825,3.999666666666666,8.529666666666666,371.3596153846154,-9.315384615384616,-10.90576923076923,6.168269230769231,71297.28846153847,1.7067307692307692,-3.188653846153846,211.11403846153848,94.5675,-2.9780769230769235,15.267666666666663,0.4125,-35.0
2024-05-06 03:00:00,2024.0,127.0,3.0,13.974,-4.846666666666667,12.598,3.2353333333333336,7.308000000000001,369.35090909090906,-27.787272727272725,-19.069090909090907,7.142181818181818,76312.34545454546,1.943636363636364,-2.696909090909091,211.14818181818185,94.63072727272728,-2.9600000000000004,14.328666666666669,0.7571666666666667,-34.0
2024-05-06 04:00:00,2024.0,127.0,4.0,14.304,-4.6395,13.164166666666668,1.529,5.408333333333333,369.1,-36.32758620689656,-23.382758620689657,9.81396551724138,60435.8275862069,2.6791379310344827,-1.9820689655172408,211.1968965517241,94.70568965517242,-2.942586206896552,13.3405,0.8518333333333333,-33.0
2024-05-06 05:00:00,2024.0,127.0,5.0,14.8295,-2.8215,13.846166666666669,-2.7273333333333336,0.9431666666666666,378.0782608695652,-32.93043478260869,-15.31086956521739,10.439130434782609,59354.17391304348,2.982391304347826,-0.4934782608695652,211.2369565217392,94.77434782608697,-2.923478260869565,12.723,0.5436666666666666,-27.0
2024-05-06 06:00:00,2024.0,127.0,6.0,15.556833333333334,-2.025,15.031666666666666,-2.176,1.1873333333333334,388.8075471698113,-28.241509433962264,-18.22641509433962,11.691509433962263,69888.05660377358,3.534339622641509,-0.5279245283018869,211.27641509433963,94.8422641509434,-2.9075471698113207,12.361,0.5711666666666667,-17.0
2024-05-06 07:00:00,2024.0,127.0,7.0,16.189333333333334,-5.0520000000000005,14.569,2.403,5.048166666666666,398.8322033898305,-9.103389830508474,-24.88135593220339,7.807966101694915,149902.7627118644,2.4686440677966104,-1.9791525423728813,211.3142372881356,94.9028813559322,-2.888135593220339,13.863833333333334,0.8851666666666667,-17.0
2024-05-06 08:00:00,2024.0,127.0,8.0,15.792333333333334,-3.850333333333333,13.202,0.7936666666666665,2.863,425.49444444444447,-5.527777777777778,2.140740740740741,7.925185185185184,251215.2407407408,2.8768518518518515,-1.2653703703703705,211.35777777777776,94.97703703703704,-2.870925925925926,13.0855,-0.0465,-9.0
2024-05-06 09:00:00,2024.0,127.0,9.0,14.293333333333337,-8.073518518518519,4.967962962962963,6.740555555555556,7.330925925925926,435.5514285714286,-2.8142857142857145,4.962857142857143,9.872,326557.3142857143,3.755142857142857,-2.511142857142857,211.40171428571423,95.04314285714288,-2.850857142857143,12.64425925925926,-0.0238888888888888,-6.0
2024-05-06 10:00:00,2024.0,127.0,10.0,13.579,-1.2685,11.334833333333334,-1.8013333333333332,-0.3775,471.6173076923077,22.43076923076924,24.91923076923077,9.34653846153846,321907.57692307694,4.166346153846154,0.4455769230769231,211.44096153846155,95.10903846153846,-2.835769230769231,11.664166666666668,-0.508,-3.0
2024-05-06 11:00:00,2024.0,127.0,11.0,11.981454545454543,-6.537272727272727,6.474727272727273,5.56290909090909,6.322181818181819,476.809756097561,29.951219512195124,10.146341463414634,9.623170731707315,268089.34146341466,4.384146341463414,-2.936829268292682,211.4956097560976,95.2,-2.809756097560976,11.990363636363638,-0.1970909090909091,-4.0
2024-05-06 12:00:00,2024.0,127.0,12.0,11.628,-3.976,7.606857142857143,3.1837142857142857,4.210857142857143,501.364,21.448,40.328,9.7992,325813.16,4.9444,-1.6552173913043478,211.534,95.2544,-2.7956,11.664571428571428,-0.7588571428571428,-1.0
2024-05-06 13:00:00,2024.0,127.0,13.0,10.876166666666668,0.6863333333333334,7.879,-1.566,-0.3096666666666666,513.6085106382978,18.81489361702128,56.51276595744681,10.345744680851064,328672.1063829788,5.467872340425532,-0.1259574468085106,211.55914893617023,95.30702127659576,-2.781276595744681,10.995333333333331,-1.226,1.0
2024-05-06 14:00:00,2024.0,127.0,14.0,11.842280701754383,-5.212982456140351,5.761578947368421,7.254035087719298,8.237543859649124,479.5116279069768,20.26744186046512,23.234883720930235,10.265581395348836,279124.5813953488,4.733488372093023,-3.929302325581396,211.59837209302324,95.36372093023256,-2.766744186046512,11.900350877192984,-0.5633333333333334,-3.0
2024-05-06 15:00:00,2024.0,127.0,15.0,10.61813559322034,-4.275593220338983,7.707796610169491,1.216271186440678,2.9296610169491526,475.3666666666667,6.507407407407407,43.45,10.180925925925926,280504.0925925926,4.618333333333333,-1.429433962264151,211.63796296296297,95.43148148148148,-2.7481481481481485,11.614237288135593,-1.061186440677966,1.0
2024-05-06 16:00:00,2024.0,127.0,16.0,9.562,-3.8885,5.671666666666667,4.414166666666668,5.764666666666667,476.8333333333333,5.268627450980392,17.801960784313724,9.317058823529411,299417.2745098039,4.234117647058824,-2.81843137254902,211.6986274509804,95.5256862745098,-2.725294117647059,11.996166666666666,-0.385,-4.0
2024-05-06 17:00:00,2024.0,127.0,17.0,9.054117647058822,-4.459705882352941,3.571764705882353,5.9935294117647056,6.798529411764706,473.2111111111111,14.022222222222222,9.97222222222222,8.647777777777778,263471.5555555556,3.873333333333333,-3.0458823529411765,211.72777777777776,95.56666666666666,-2.7127777777777777,12.237058823529413,-0.2061764705882353,-9.0
2024-05-06 18:00:00,2024.0,127.0,18.0,8.10686274509804,-2.2815686274509805,5.655686274509804,1.8739215686274509,3.795294117647059,503.85909090909087,4.3568181818181815,29.19090909090909,8.044545454545455,227840.36363636365,4.047954545454545,-1.633488372093023,211.77204545454543,95.64181818181818,-2.691136363636364,11.91,-0.6466666666666667,-12.0
2024-05-06 19:00:00,2024.0,127.0,19.0,5.600499999999999,0.2261666666666666,3.9871666666666665,-3.37,-1.5456666666666663,533.8024390243903,5.173170731707317,38.87560975609756,4.549268292682927,167447.73170731709,2.587073170731708,0.7817073170731706,211.810243902439,95.70146341463416,-2.674390243902439,12.138333333333332,-0.9008333333333332,-13.0
2024-05-06 20:00:00,2024.0,127.0,20.0,4.4549122807017545,-1.1877192982456142,1.480701754385965,0.9512280701754384,1.4859649122807017,528.2209302325581,15.688372093023256,4.032558139534884,4.258139534883721,155116.32558139536,2.374186046511628,-0.6861904761904762,211.84906976744188,95.76209302325584,-2.657906976744186,12.636666666666668,-0.0728070175438596,-13.0
2024-05-06 21:00:00,2024.0,127.0,21.0,4.964137931034483,-1.6917241379310346,2.9013793103448275,3.108793103448276,4.063620689655172,523.834090909091,4.306818181818182,-19.80227272727273,3.6788636363636367,130721.34090909093,2.017272727272728,-2.110697674418605,211.8852272727273,95.82477272727272,-2.6427272727272726,13.272413793103448,0.5003448275862069,-10.0
2024-05-06 22:00:00,2024.0,127.0,22.0,5.605833333333334,-1.7478333333333331,4.3101666666666665,2.8753333333333333,4.4775,517.8555555555555,-15.586111111111112,-20.47222222222222,3.1075,116296.94444444444,1.6669444444444443,-2.294166666666667,211.92222222222225,95.87972222222224,-2.6238888888888887,13.6315,0.5456666666666667,-8.0
2024-05-06 23:00:00,2024.0,127.0,23.0,5.498666666666667,-2.0625,3.121,2.098333333333333,3.250833333333333,521.6781818181818,1.7054545454545456,-11.330909090909092,3.325272727272727,116602.07272727272,1.8105454545454545,-1.6510909090909092,211.96672727272727,95.9521818181818,-2.6043636363636367,13.411166666666666,0.2868333333333333,-5.0
2024-05-07 00:00:00,2024.0,128.0,0.0,5.206666666666667,-2.497777777777778,-2.3981481481481484,0.6518518518518519,-0.4181481481481481,525.4052631578948,44.48947368421052,11.726315789473684,3.912105263157896,142265.15789473685,2.158421052631579,0.40625,212.01105263157896,96.02263157894735,-2.584736842105263,12.77962962962963,-0.1448148148148148,-6.0
2024-05-07 01:00:00,2024.0,128.0,1.0,5.382916666666667,-4.23,1.3689583333333333,0.92625,1.3793749999999998,507.096,2.568,6.151999999999999,4.0764,113471.6,2.0956,-0.6888,212.0396,96.0596,-2.576,12.950833333333334,-0.1052083333333333,-6.0
2024-05-07 02:00:00,2024.0,128.0,2.0,5.380333333333334,-2.631833333333333,3.151333333333333,-0.4373333333333333,0.7521666666666668,520.1469387755102,-7.536734693877551,6.804081632653061,3.990816326530613,114068.1836734694,2.1514285714285712,-0.3797959183673469,212.07734693877552,96.12346938775512,-2.558979591836734,12.863166666666666,-0.166,-4.0
2024-05-07 03:00:00,2024.0,128.0,3.0,5.345166666666667,-1.049,3.8421666666666665,0.1911666666666667,1.4885,533.8704545454545,-10.986363636363636,-1.2227272727272729,3.252272727272727,143644.31818181818,1.856818181818182,-0.8245454545454546,212.13431818181817,96.21,-2.5313636363636363,13.209666666666667,0.0346666666666666,-7.0
2024-05-07 04:00:00,2024.0,128.0,4.0,4.893863636363637,-2.7852272727272727,0.983409090909091,3.055,3.206590909090909,528.0264705882354,15.147058823529411,-11.023529411764706,3.1129411764705885,177082.79411764705,1.7338235294117648,-1.4329032258064516,212.18411764705883,96.2885294117647,-2.5114705882352943,13.49159090909091,0.28,-7.0
2024-05-07 05:00:00,2024.0,128.0,5.0,4.7316666666666665,-4.434833333333333,0.5075,0.0491666666666666,0.1709999999999999,515.325,14.265625,20.75625,3.31625,145220.1875,1.76125,-0.09,212.2215625,96.349375,-2.4984375,13.232666666666669,-0.5188333333333334,-3.0
2024-05-07 06:00:00,2024.0,128.0,6.0,4.992758620689655,-3.563793103448276,0.8098275862068965,3.0596551724137933,3.163965517241379,527.7457142857143,11.61142857142857,-13.068571428571428,3.2265714285714284,157124.45714285714,1.7974285714285716,-1.6014705882352942,212.2402857142857,96.37514285714286,-2.485428571428572,13.364827586206896,0.383103448275862,2.0
2024-05-07 07:00:00,2024.0,128.0,7.0,4.8598275862068965,-3.703275862068965,2.412586206896552,0.3167241379310344,0.7410344827586206,525.4803921568628,-5.637254901960785,4.929411764705882,3.40843137254902,162804.50980392157,1.879607843137255,-0.4396,212.283137254902,96.44039215686274,-2.468235294117647,13.216724137931031,-0.1275862068965517,6.0
2024-05-07 08:00:00,2024.0,128.0,8.0,5.024655172413794,-2.4305172413793104,3.1851724137931035,2.215172413793104,2.674137931034483,531.790909090909,-11.270454545454545,-17.724999999999998,2.911818181818182,143643.72727272726,1.6468181818181815,-1.45,212.33886363636364,96.52727272727272,-2.4411363636363634,13.618448275862068,0.4656896551724138,4.0
2024-05-07 09:00:00,2024.0,128.0,9.0,4.913409090909091,-3.847727272727273,0.7479545454545455,0.3213636363636363,0.4170454545454545,516.0393939393939,22.063636363636363,7.521212121212121,3.1154545454545457,138553.21212121213,1.6575757575757577,-0.1893548387096774,212.3878787878788,96.59787878787878,-2.42,13.341363636363637,-0.1402272727272727,1.0
2024-05-07 10:00:00,2024.0,128.0,10.0,4.996086956521739,-1.1704347826086956,0.1856521739130434,-4.768695652173912,-4.713478260869565,554.48,20.92,61.620000000000005,2.798,128722.2,1.722,2.66,212.426,96.65,-2.41,12.60608695652174,-1.3895652173913045,-1.0
2024-05-07 11:00:00,2024.0,128.0,11.0,4.798857142857143,-2.864,2.466285714285714,-0.4828571428571428,-0.1837142857142857,529.39375,-2.821875,20.028125,3.0371875,139169.5625,1.6953125,0.072258064516129,212.43875,96.6790625,-2.39875,13.343714285714285,-0.5228571428571429,-4.0
2024-05-07 12:00:00,2024.0,128.0,12.0,4.788035714285714,-3.3760714285714286,2.1414285714285715,-0.2446428571428571,0.0414285714285714,516.8065217391304,-2.665217391304348,11.713043478260868,3.0173913043478264,137693.76086956522,1.6106521739130435,-0.1613333333333333,212.4673913043478,96.72347826086956,-2.3856521739130434,13.471785714285714,-0.3946428571428572,-6.0
2024-05-07 13:00:00,2024.0,128.0,13.0,5.12074074074074,-3.561851851851852,1.987962962962963,1.9042592592592595,2.170925925925926,512.9073170731707,3.629268292682928,-1.8707317073170728,2.859512195121951,142443.75609756098,1.5039024390243902,-1.03125,212.5187804878049,96.7980487804878,-2.361219512195122,13.757962962962962,0.0585185185185185,-7.0
2024-05-07 14:00:00,2024.0,128.0,14.0,4.622307692307692,-3.021794871794872,1.8935897435897435,1.5333333333333332,1.85,514.2791666666667,2.841666666666667,1.2833333333333332,2.822083333333333,150291.41666666666,1.4904166666666667,-0.9195833333333332,212.5475,96.84625,-2.348333333333333,13.755384615384616,-0.0484615384615384,-8.0
2024-05-07 15:00:00,2024.0,128.0,15.0,4.586760683760684,-2.469418803418804,2.531282051282051,0.794111111111111,1.4272222222222222,516.456623931624,-1.5978632478632475,6.122222222222223,2.772799145299145,147407.17521367522,1.4761752136752138,-0.7094658119658118,212.5989743589744,96.9225,-2.327094017094017,13.7311452991453,-0.1504188034188033,-8.0
2024-05-07 16:00:00,2024.0,128.0,16.0,4.551213675213675,-1.9170427350427357,3.168974358974358,0.0548888888888887,1.0044444444444445,518.6340811965812,-6.037393162393162,10.961111111111112,2.7235149572649573,144522.93376068375,1.4619337606837606,-0.4993482905982905,212.6504487179487,96.99875,-2.305854700854701,13.706905982905983,-0.2523760683760683,-10.0
2024-05-07 17:00:00,2024.0,128.0,17.0,4.515666666666666,-1.3646666666666667,3.806666666666666,-0.6843333333333333,0.5816666666666667,520.8115384615385,-10.476923076923075,15.8,2.6742307692307694,141638.6923076923,1.4476923076923076,-0.2892307692307692,212.70192307692307,97.075,-2.2846153846153845,13.682666666666668,-0.3543333333333333,-15.0
2024-05-07 18:00:00,2024.0,128.0,18.0,5.248793103448276,-1.264655172413793,4.417586206896552,0.0655172413793103,1.616551724137931,513.5708333333333,-11.639583333333334,12.595833333333331,2.451875,96027.0625,1.2910416666666666,-0.7763043478260869,212.73166666666663,97.116875,-2.269375,14.01844827586207,-0.3072413793103448,-12.0
2024-05-07 19:00:00,2024.0,128.0,19.0,4.847636363636363,-0.2385454545454545,4.314545454545455,-0.4907272727272727,1.2143636363636363,523.9730769230769,-10.015384615384615,10.330769230769231,2.485192307692308,100836.01923076923,1.3651923076923076,-0.61,212.7775,97.18538461538462,-2.2507692307692304,13.81709090909091,-0.2636363636363636,-8.0
2024-05-07 20:00:00,2024.0,128.0,20.0,4.0925,1.2583333333333333,2.6383333333333336,-1.395,-0.1798333333333333,536.7509090909091,7.32,14.905454545454544,2.6345454545454547,128496.58181818182,1.520181818181818,0.0723636363636363,212.8198181818182,97.24981818181818,-2.231818181818182,13.3875,-0.3501666666666667,-2.0
2024-05-07 21:00:00,2024.0,128.0,21.0,3.9669444444444446,0.4313888888888889,1.6180555555555556,-2.496388888888889,-1.5625,527.1066666666667,11.44,16.81,2.5483333333333333,131746.53333333333,1.4173333333333331,0.6679310344827587,212.854,97.294,-2.22,13.36361111111111,-0.5352777777777777,1.0
2024-05-07 22:00:00,2024.0,128.0,22.0,3.9498214285714286,-2.469464285714285,1.9833928571428567,-1.2748214285714283,-0.2835714285714286,504.025,5.180555555555555,4.55,2.625277777777778,142565.61111111112,1.3288888888888888,0.0737142857142857,212.87694444444443,97.32916666666668,-2.203611111111111,13.6825,-0.1592857142857142,5.0
2024-05-07 23:00:00,2024.0,128.0,23.0,4.1466666666666665,-2.8883333333333336,2.0386666666666664,0.5323333333333333,1.3591666666666666,493.6444444444445,6.825,-0.125,2.7088888888888887,117911.22222222222,1.3175,-0.7380555555555556,212.91277777777776,97.38083333333331,-2.192222222222222,13.940333333333331,0.0361666666666666,4.0
2024-05-08 00:00:00,2024.0,129.0,0.0,4.205098039215686,1.2388235294117649,3.662745098039216,0.7354901960784314,2.199019607843137,520.2703703703703,-6.851851851851852,-6.925925925925926,2.368888888888889,81783.44444444444,1.2844444444444445,-1.182,212.9788888888889,97.47703703703704,-2.1633333333333336,14.088235294117649,0.1649019607843137,3.0
2024-05-08 01:00:00,2024.0,129.0,1.0,3.914285714285714,0.3078571428571428,3.3994642857142856,0.8682142857142857,2.145178571428571,515.7116279069767,-6.874418604651163,-6.746511627906977,2.5062790697674417,76821.0,1.3367441860465117,-1.0748837209302324,213.01465116279067,97.53116279069768,-2.1448837209302325,13.956071428571429,0.1864285714285714,5.0
2024-05-08 02:00:00,2024.0,129.0,2.0,3.977586206896552,-2.268448275862069,1.0660344827586206,-1.2405172413793104,-0.7737931034482759,487.3236842105263,21.14210526315789,8.623684210526315,2.7910526315789475,105787.23684210528,1.3247368421052632,0.3259459459459459,213.05763157894737,97.59026315789474,-2.127894736842105,13.70844827586207,-0.1586206896551724,7.0
2024-05-08 03:00:00,2024.0,129.0,3.0,3.9792857142857145,-1.8482142857142856,2.5648214285714284,-1.615892857142857,-0.6858928571428572,486.875,4.1075,8.275,2.8105,92289.025,1.33,0.2960526315789473,213.08725,97.641,-2.112,13.69517857142857,-0.2883928571428571,5.0
2024-05-08 04:00:00,2024.0,129.0,4.0,3.801272727272728,-1.6923636363636363,2.846,-0.6558181818181819,0.1985454545454545,487.1488888888889,-2.52,2.333333333333333,2.5964444444444443,91686.13333333332,1.232,-0.1722727272727272,213.12422222222224,97.68933333333334,-2.097777777777778,13.939454545454543,-0.1001818181818181,6.0
2024-05-08 05:00:00,2024.0,129.0,5.0,3.596833333333333,-2.4115,2.0091666666666668,-0.0785,0.431,478.0487804878049,3.051219512195122,-1.304878048780488,2.859756097560976,107753.9512195122,1.305609756097561,-0.2217073170731707,213.1634146341464,97.74463414634144,-2.080731707317073,13.877166666666666,0.0283333333333333,9.0
2024-05-08 06:00:00,2024.0,129.0,6.0,3.6383333333333336,-2.744666666666667,1.0826666666666669,0.929,1.1418333333333337,472.576,9.202,-6.314,2.937,96418.64,1.3114,-0.5154,213.1994,97.7942,-2.0642,13.924333333333331,0.1981666666666666,9.0
2024-05-08 07:00:00,2024.0,129.0,7.0,3.5739534883720934,-2.3862790697674416,0.3137209302325581,0.7067441860465117,0.733953488372093,477.196875,13.925,-5.6875,2.9409375,98435.4375,1.3365625,-0.302258064516129,213.2478125,97.8690625,-2.0428125,13.88,0.1844186046511627,9.0
2024-05-08 08:00:00,2024.0,129.0,8.0,3.614827586206896,-0.5934482758620689,1.9267241379310345,0.3432758620689655,0.6244827586206896,486.0767441860465,0.811627906976744,-9.283720930232558,2.645348837209302,83472.6511627907,1.2444186046511627,-0.3806976744186047,213.2923255813953,97.92837209302326,-2.02093023255814,13.945862068965518,0.2805172413793103,8.0
2024-05-08 09:00:00,2024.0,129.0,9.0,3.4258333333333337,0.2806666666666667,1.6616666666666666,-0.425,-0.2148333333333333,500.8634615384616,-1.723076923076923,7.207692307692308,2.45,76639.96153846153,1.2273076923076922,0.0786538461538461,213.34192307692308,97.99442307692308,-2.003653846153846,13.9245,-0.1481666666666666,9.0
2024-05-08 10:00:00,2024.0,129.0,10.0,3.172452830188679,-2.602830188679245,-0.3135849056603774,1.5737735849056602,1.5275471698113203,467.00689655172414,22.4,-14.641379310344828,2.955862068965517,101243.72413793104,1.2872413793103448,-0.6900000000000001,213.3737931034483,98.04206896551725,-1.9855172413793103,13.961320754716985,0.5273584905660377,7.0
2024-05-08 11:00:00,2024.0,129.0,11.0,3.219107142857143,-2.8448214285714286,0.6642857142857144,0.5341071428571429,0.6060714285714285,459.29545454545456,13.356818181818182,-9.15,3.274545454545455,83423.65909090909,1.3809090909090909,-0.2634090909090909,213.4290909090909,98.12363636363636,-1.9620454545454544,13.776428571428571,0.2128571428571428,7.0
2024-05-08 12:00:00,2024.0,129.0,12.0,3.285,-2.3083333333333336,1.5803703703703704,-0.0301851851851851,0.165,466.1234042553192,1.857446808510638,-5.71063829787234,2.985744680851064,83669.91489361702,1.2938297872340423,-0.1146808510638297,213.4331914893617,98.12659574468084,-1.9629787234042555,13.908333333333331,0.1374074074074074,6.0
2024-05-08 13:00:00,2024.0,129.0,13.0,3.268620689655172,-2.5531034482758623,0.8462068965517241,-0.923103448275862,-0.7796551724137931,466.5100000000001,0.3800000000000002,0.38,2.987,73607.2,1.291,0.11375,213.496,98.212,-1.933,13.616896551724135,-0.1227586206896551,4.0
2024-05-08 14:00:00,2024.0,129.0,14.0,3.357333333333333,-1.7108333333333334,0.6533333333333334,1.5590000000000002,1.6478333333333337,464.4072727272728,9.36181818181818,-22.79272727272727,2.8572727272727274,75319.89090909091,1.232181818181818,-0.771090909090909,213.5296363636364,98.25727272727272,-1.917636363636364,14.043,0.6226666666666667,6.0
2024-05-08 15:00:00,2024.0,129.0,15.0,3.160701754385965,-1.099298245614035,1.072982456140351,1.4898245614035088,1.6931578947368422,468.4297872340426,2.202127659574468,-18.99148936170213,2.861276595744681,79638.87234042553,1.255531914893617,-0.7462222222222222,213.57659574468087,98.33063829787234,-1.898936170212766,14.038947368421054,0.6035087719298246,5.0
2024-05-08 16:00:00,2024.0,129.0,16.0,3.6866666666666665,1.4686666666666668,2.984666666666667,-0.9628333333333334,-0.1441666666666666,479.6561403508772,-8.928070175438597,-5.394736842105263,2.414561403508772,51367.85964912281,1.1103508771929824,0.0573684210526315,213.61350877192984,98.37894736842104,-1.8801754385964915,14.176333333333334,0.14,5.0
2024-05-08 17:00:00,2024.0,129.0,17.0,3.658813559322034,0.5700000000000001,3.4272881355932205,0.2738983050847458,1.3103389830508474,469.3559322033898,-13.9,-11.75593220338983,2.467627118644068,50482.983050847455,1.087457627118644,-0.6050000000000001,213.6522033898305,98.4315254237288,-1.8618644067796613,14.357118644067798,0.3610169491525424,3.0
2024-05-08 18:00:00,2024.0,129.0,18.0,3.483272727272728,0.7725454545454545,3.056909090909091,0.4558181818181818,1.4936363636363637,470.7191489361702,-10.125531914893616,-9.580851063829789,2.592978723404256,54210.27659574468,1.148936170212766,-0.6676595744680851,213.69936170212767,98.49212765957446,-1.845744680851064,14.246181818181816,0.3176363636363636,3.0
2024-05-08 19:00:00,2024.0,129.0,19.0,3.313333333333333,0.3373333333333333,2.693,0.5551666666666667,1.5375,464.3931818181818,-11.061363636363636,-9.102272727272728,2.7181818181818183,61858.954545454544,1.1706818181818182,-0.6847727272727272,213.7372727272728,98.5431818181818,-1.8288636363636364,14.184166666666666,0.2945,5.0
2024-05-08 20:00:00,2024.0,129.0,20.0,3.1457627118644065,0.3523728813559322,2.8394915254237287,0.0789830508474576,1.2361016949152543,462.8541666666667,-10.35,-9.939583333333331,2.576041666666667,59779.16666666666,1.102291666666667,-0.6170833333333333,213.77166666666668,98.59333333333332,-1.8116666666666668,14.292542372881355,0.29,7.0
2024-05-08 21:00:00,2024.0,129.0,21.0,2.878301886792453,-1.4128301886792451,1.279622641509434,1.2432075471698114,1.6664150943396223,456.1735294117647,-3.176470588235294,-9.194117647058825,2.854705882352941,65952.4705882353,1.186470588235294,-0.7023529411764705,213.8,98.63411764705882,-1.7979411764705884,14.132264150943396,0.3043396226415094,11.0
2024-05-08 22:00:00,2024.0,129.0,22.0,2.619833333333333,-1.5876666666666668,1.5406666666666666,0.134,0.7858333333333333,455.9363636363637,0.6545454545454544,-10.347727272727273,2.85,77458.70454545454,1.1845454545454546,-0.3634090909090909,213.82818181818183,98.67272727272729,-1.7831818181818184,14.104166666666666,0.3268333333333333,15.0
2024-05-08 23:00:00,2024.0,129.0,23.0,2.724310344827586,-2.0260344827586207,1.088448275862069,0.2591379310344827,0.6987931034482758,454.5473684210526,6.084210526315789,-7.336842105263158,3.046578947368421,67257.63157894737,1.2576315789473684,-0.4431578947368421,213.8652631578948,98.7192105263158,-1.766052631578947,13.940689655172411,0.1394827586206896,14.0
2024-05-09 00:00:00,2024.0,130.0,0.0,2.228,-1.4453333333333334,1.2946666666666669,0.097,0.619,459.4953488372093,6.797674418604651,-13.1,2.928372093023256,100975.04651162792,1.2355813953488373,-0.3125581395348837,213.9220930232558,98.79,-1.7509302325581395,14.021666666666668,0.402,15.0
2024-05-09 01:00:00,2024.0,130.0,1.0,2.8078333333333334,-1.057,2.2841666666666667,-0.3676666666666666,0.5543333333333333,461.6446808510638,1.4170212765957446,-7.587234042553192,2.8270212765957448,86793.0425531915,1.2048936170212767,-0.2648936170212765,213.961914893617,98.84404255319149,-1.7282978723404256,14.056333333333331,0.2153333333333333,17.0
2024-05-09 02:00:00,2024.0,130.0,2.0,2.841694915254237,-1.0469491525423729,1.4954237288135594,-0.984406779661017,-0.3803389830508474,457.9309090909091,3.214545454545455,-3.390909090909091,2.8645454545454547,81561.6,1.2005454545454546,0.1454545454545454,214.00472727272728,98.9030909090909,-1.7107272727272729,13.961355932203393,0.101864406779661,18.0
2024-05-09 03:00:00,2024.0,130.0,3.0,2.9458333333333333,-0.3756666666666666,1.721666666666667,-1.4128333333333332,-0.7771666666666667,459.6911764705882,3.7588235294117647,0.2058823529411763,2.781470588235294,82107.0294117647,1.1749999999999998,0.3455882352941176,214.0479411764706,98.96617647058824,-1.6876470588235293,13.961,0.0153333333333333,15.0
2024-05-09 04:00:00,2024.0,130.0,4.0,2.926271186440678,-0.5847457627118644,1.7457627118644068,-1.5391525423728811,-0.9772881355932204,458.205,1.865,-1.3199999999999998,2.8392500000000003,83656.4,1.192,0.5197499999999999,214.08625,99.013,-1.673,13.915084745762712,0.08,15.0
2024-05-09 05:00:00,2024.0,130.0,5.0,3.1401666666666666,-1.4068333333333334,2.256666666666667,0.5456666666666667,1.086,455.4863636363637,-8.30909090909091,-10.413636363636364,3.016136363636364,82818.61363636363,1.2504545454545453,-0.5140909090909092,214.1277272727273,99.06477272727274,-1.6513636363636364,14.086833333333336,0.3248333333333333,14.0
2024-05-09 06:00:00,2024.0,130.0,6.0,2.9903636363636363,-1.340181818181818,2.3585454545454545,0.4621818181818181,0.9341818181818182,456.81590909090914,-13.41590909090909,-6.8977272727272725,2.8688636363636366,79205.11363636363,1.1970454545454543,-0.4223809523809523,214.15977272727275,99.10886363636364,-1.6379545454545452,14.182,0.2154545454545454,14.0
2024-05-09 07:00:00,2024.0,130.0,7.0,3.2818181818181817,-2.2407272727272725,1.261272727272727,1.284181818181818,1.4916363636363636,445.9540540540541,-8.9,-6.548648648648649,3.0754054054054056,78471.56756756757,1.2224324324324325,-0.6194594594594595,214.1989189189189,99.15783783783785,-1.6202702702702705,14.137818181818185,0.2085454545454545,13.0
2024-05-09 08:00:00,2024.0,130.0,8.0,3.3485,-2.7633333333333336,0.73,1.4648333333333334,1.5503333333333331,436.4,-2.8833333333333337,-10.30952380952381,3.131666666666667,89418.83333333333,1.1923809523809523,-0.6599999999999999,214.2333333333333,99.1995238095238,-1.6038095238095238,14.196333333333332,0.35,14.0
2024-05-09 09:00:00,2024.0,130.0,9.0,3.3358,-2.5934,0.0684,1.768,1.7608,433.9136363636364,5.045454545454546,-17.077272727272728,3.146818181818182,78263.22727272728,1.1845454545454546,-0.7325,214.25818181818184,99.22818181818182,-1.5931818181818185,14.2276,0.5854,15.0
2024-05-09 10:00:00,2024.0,130.0,10.0,2.9844827586206897,-2.272758620689655,1.150344827586207,-0.9677586206896552,-0.8370689655172413,436.9285714285714,0.3357142857142858,-1.907142857142857,3.33,94439.17857142857,1.2707142857142857,0.4532142857142857,214.2953571428572,99.27535714285716,-1.5771428571428572,13.871379310344826,0.1399999999999999,15.0
2024-05-09 11:00:00,2024.0,130.0,11.0,3.1385454545454547,-2.452909090909091,1.3970909090909092,-0.0296363636363636,0.1236363636363636,431.0487804878049,-1.446341463414634,-14.46829268292683,3.3187804878048777,80632.58536585367,1.232439024390244,-0.121,214.33292682926827,99.33585365853658,-1.5614634146341462,14.040545454545455,0.4621818181818182,17.0
2024-05-09 12:00:00,2024.0,130.0,12.0,3.5063157894736845,-3.103157894736842,1.21,-0.8966666666666666,-0.7449122807017544,424.275,-3.8568181818181824,-9.53181818181818,3.606136363636364,75692.34090909091,1.2988636363636363,0.3115909090909091,214.38477272727275,99.39977272727272,-1.535909090909091,13.837368421052632,0.3012280701754386,18.0
2024-05-09 13:00:00,2024.0,130.0,13.0,3.6925,-3.4105,0.875,-1.0701666666666665,-0.9348333333333334,420.5816326530612,-3.4346938775510205,-2.5489795918367344,3.67122448979592,55289.551020408166,1.2989795918367346,0.4012244897959183,214.4222448979592,99.44612244897958,-1.5212244897959184,13.817,0.1131666666666666,21.0
2024-05-09 14:00:00,2024.0,130.0,14.0,3.4560000000000004,-2.2503333333333333,1.1015,-0.8543333333333333,-0.6483333333333333,424.4428571428572,-3.80204081632653,-3.2693877551020414,3.829795918367347,60103.06122448979,1.3787755102040815,0.2930612244897959,214.46979591836737,99.50306122448978,-1.503265306122449,13.703666666666669,0.096,21.0
2024-05-09 15:00:00,2024.0,130.0,15.0,2.807931034482759,-0.9672413793103448,1.6094827586206897,-0.5187931034482759,-0.1596551724137931,416.8236363636364,-7.832727272727273,-1.0109090909090908,3.7201818181818185,69651.92727272728,1.2894545454545454,0.0669090909090909,214.5172727272728,99.56290909090907,-1.482181818181818,13.965344827586208,0.0153448275862068,18.0
2024-05-09 16:00:00,2024.0,130.0,16.0,3.636,0.3996666666666666,3.4701666666666666,0.1991666666666666,1.0856666666666668,418.4472727272727,-16.472727272727273,-7.54,3.674181818181818,37810.32727272727,1.2863636363636364,-0.4358181818181817,214.5714545454545,99.62909090909092,-1.4607272727272729,14.0735,0.253,18.0
2024-05-09 17:00:00,2024.0,130.0,17.0,3.760769230769231,-0.0064102564102564,3.709487179487179,-0.2338461538461538,0.8702564102564102,414.19444444444446,-16.602777777777778,-1.35,3.79,38812.083333333336,1.2997222222222222,-0.3725,214.6013888888889,99.66166666666668,-1.45,14.050512820512822,0.0607692307692307,20.0
2024-05-09 18:00:00,2024.0,130.0,18.0,5.054908424908426,-0.4243956043956044,4.223315018315018,-1.241565934065934,0.3013186813186813,416.5767094017094,-14.057799145299146,10.177564102564103,5.527948717948718,42987.41346153847,1.926912393162393,-0.1741447368421053,214.64530982905984,99.71788461538462,-1.425897435897436,13.227518315018315,-0.2935439560439561,22.0
2024-05-09 19:00:00,2024.0,130.0,19.0,6.34904761904762,-0.8423809523809525,4.7371428571428575,-2.249285714285714,-0.2676190476190476,418.95897435897433,-11.512820512820513,21.705128205128204,7.265897435897436,47162.74358974359,2.554102564102564,0.0242105263157894,214.6892307692308,99.77410256410256,-1.4017948717948716,12.404523809523807,-0.6478571428571429,22.0
2024-05-09 20:00:00,2024.0,130.0,20.0,6.294915254237288,0.4615254237288135,5.522033898305085,-0.2776271186440678,1.979830508474576,423.1076923076923,-18.51153846153846,11.215384615384616,7.630384615384615,30613.80769230769,2.734423076923077,-0.9349019607843138,214.72730769230768,99.81846153846152,-1.3873076923076924,12.674406779661016,-0.4357627118644068,21.0
2024-05-09 21:00:00,2024.0,130.0,21.0,5.933809523809524,-2.3600000000000003,4.650952380952381,-2.212857142857142,-0.0466666666666666,419.82,-16.82,12.87,5.5280000000000005,49516.3,1.956,0.0755555555555555,214.76,99.862,-1.372,13.09047619047619,-0.6326190476190476,20.0
2024-05-09 22:00:00,2024.0,130.0,22.0,5.776470588235294,-0.4994117647058824,5.127941176470588,0.2197058823529411,2.3870588235294115,427.6714285714285,-18.957142857142856,-1.921428571428572,5.531428571428571,50855.5,2.0307142857142857,-0.6423076923076922,214.7921428571429,99.89642857142856,-1.36,13.143235294117646,0.2267647058823529,20.0
2024-05-09 23:00:00,2024.0,130.0,23.0,5.324270152505447,-0.2828104575163399,4.510021786492374,0.1834422657952069,2.102941176470588,426.1584717607973,-16.646544850498337,-3.515332225913621,5.837285714285714,51151.31511627907,2.120107973421927,-0.5711466905187835,214.830719269103,99.94222757475082,-1.3426279069767442,13.06843137254902,0.2741612200435729,17.0
2024-05-10 00:00:00,2024.0,131.0,0.0,4.872069716775599,-0.0662091503267974,3.8921023965141615,0.1471786492374727,1.8188235294117645,424.6455149501661,-14.33594684385382,-5.109235880398671,6.143142857142857,51447.13023255814,2.209501661129568,-0.4999856887298747,214.86929568106316,99.98802657807308,-1.3252558139534885,12.993627450980393,0.321557734204793,12.0
2024-05-10 01:00:00,2024.0,131.0,1.0,4.419869281045751,0.150392156862745,3.274183006535948,0.1109150326797385,1.5347058823529411,423.13255813953486,-12.025348837209302,-6.703139534883721,6.449,51742.94534883721,2.2988953488372093,-0.428824686940966,214.9078720930233,100.03382558139532,-1.3078837209302328,12.918823529411764,0.3689542483660131,10.0
2024-05-10 02:00:00,2024.0,131.0,2.0,3.967668845315904,0.3669934640522875,2.6562636165577342,0.0746514161220043,1.2505882352941176,421.6196013289036,-9.714750830564784,-8.297043189368772,6.7548571428571424,52038.76046511628,2.3882890365448506,-0.3576636851520572,214.9464485049834,100.0796245847176,-1.2905116279069768,12.844019607843135,0.4163507625272331,12.0
2024-05-10 03:00:00,2024.0,131.0,3.0,3.515468409586057,0.5835947712418299,2.038344226579521,0.0383877995642701,0.966470588235294,420.1066445182724,-7.404152823920265,-9.890946843853822,7.060714285714285,52334.575581395344,2.4776827242524915,-0.2865026833631485,214.98502491694356,100.12542358803988,-1.273139534883721,12.76921568627451,0.4637472766884531,21.0
2024-05-10 04:00:00,2024.0,131.0,4.0,3.063267973856209,0.8001960784313724,1.420424836601307,0.0021241830065359,0.6823529411764706,418.5936877076412,-5.0935548172757485,-11.484850498338869,7.366571428571427,52630.39069767442,2.567076411960133,-0.2153416815742397,215.02360132890365,100.17122259136212,-1.2557674418604652,12.694411764705883,0.5111437908496732,16.0
2024-05-10 05:00:00,2024.0,131.0,5.0,2.611067538126361,1.016797385620915,0.8025054466230941,-0.0341394335511982,0.3982352941176472,417.0807308970099,-2.78295681063123,-13.07875415282392,7.672428571428571,52926.205813953486,2.656470099667774,-0.144180679785331,215.06217774086377,100.21702159468438,-1.2383953488372097,12.619607843137256,0.5585403050108932,7.0
2024-05-10 06:00:00,2024.0,131.0,6.0,2.1588671023965142,1.2333986928104574,0.1845860566448802,-0.0704030501089324,0.1141176470588236,415.56777408637873,-0.4723588039867117,-14.672657807308967,7.978285714285715,53222.02093023255,2.7458637873754155,-0.0730196779964222,215.10075415282392,100.26282059800664,-1.2210232558139535,12.544803921568628,0.6059368191721133,9.0
2024-05-10 07:00:00,2024.0,131.0,7.0,1.7066666666666668,1.45,-0.4333333333333333,-0.1066666666666666,-0.17,414.0548172757475,1.8382392026578067,-16.26656146179402,8.284142857142857,53517.83604651163,2.8352574750830564,-0.0018586762075135,215.13933056478405,100.3086196013289,-1.2036511627906976,12.47,0.6533333333333333,16.0
2024-05-10 08:00:00,2024.0,131.0,8.0,1.9672413793103447,1.502758620689655,-0.4991379310344827,-0.0436206896551724,-0.1110344827586207,412.54186046511626,4.148837209302326,-17.86046511627907,8.59,53813.651162790695,2.9246511627906977,0.0693023255813953,215.17790697674417,100.35441860465116,-1.186279069767442,12.343793103448276,0.5220689655172414,13.0
2024-05-10 09:00:00,2024.0,131.0,9.0,2.925593220338983,0.5932203389830508,-1.586271186440678,-1.2071186440677966,-1.3794915254237288,417.70238095238096,6.35,-20.121428571428574,6.80904761904762,60314.76190476191,2.364523809523809,0.5354761904761904,215.2271428571429,100.41357142857144,-1.1666666666666667,12.616440677966102,0.6389830508474577,15.0
2024-05-10 10:00:00,2024.0,131.0,10.0,3.876279069767442,-0.1374418604651162,-2.06,-3.2581395348837208,-3.4539534883720933,419.31000000000006,12.185,-12.52,4.042,60173.1,1.4205,1.3883333333333334,215.2695,100.4595,-1.15,13.160232558139535,0.4483720930232558,13.0
2024-05-10 11:00:00,2024.0,131.0,11.0,3.614067796610169,-0.2179661016949152,-2.0793220338983054,-2.792372881355932,-2.991864406779661,421.7783783783784,18.52162162162162,-8.55135135135135,3.515945945945946,67543.72972972973,1.2516216216216216,1.2648648648648648,215.28864864864863,100.48270270270272,-1.1343243243243244,13.57186440677966,0.2927118644067796,3.0
2024-05-10 12:00:00,2024.0,131.0,12.0,3.7569642857142855,-1.1641071428571428,-1.6146428571428573,-2.828928571428572,-2.99375,421.8885714285714,16.6,-5.922857142857144,2.8857142857142857,59312.54285714286,1.0257142857142856,1.256857142857143,215.31942857142857,100.51942857142856,-1.122857142857143,14.046964285714283,0.1558928571428571,-1.0
2024-05-10 13:00:00,2024.0,131.0,13.0,3.564,-3.0132,-0.0418,-1.5138,-1.504,404.4434782608696,-0.8826086956521738,-12.521739130434783,3.185217391304348,117905.82608695651,1.04,0.44,215.3604347826087,100.5617391304348,-1.107826086956522,14.2712,0.2623999999999999,1.0
2024-05-10 14:00:00,2024.0,131.0,14.0,3.280701754385965,-2.729298245614035,0.865438596491228,0.4650877192982456,0.6071929824561404,413.9848484848485,-2.6484848484848484,-12.775757575757575,3.7772727272727273,124601.57575757576,1.3103030303030303,-0.254375,215.3821212121212,100.59151515151515,-1.0951515151515152,14.072631578947368,0.514561403508772,10.0
2024-05-10 15:00:00,2024.0,131.0,15.0,2.8273333333333333,-1.6988333333333334,0.5318333333333334,0.3625,0.4678333333333333,448.5617021276596,10.36595744680851,-2.008510638297873,10.984893617021276,76633.21276595745,4.466808510638298,-0.055531914893617,215.4648936170213,100.6823404255319,-1.0606382978723403,11.571833333333332,0.048,23.0
2024-05-10 16:00:00,2024.0,131.0,16.0,3.3355,-1.3038333333333334,2.015,1.935,2.3875,448.42105263157896,17.36578947368421,3.771052631578948,15.898947368421052,47943.57894736842,6.394736842105263,-0.9936842105263156,215.51052631578943,100.72631578947367,-1.04,11.015333333333333,-0.0838333333333333,25.0
2024-05-10 17:00:00,2024.0,131.0,17.0,19.5075,-3.8495,-8.167333333333334,-7.953833333333334,-10.074166666666668,575.3666666666667,30.3948717948718,34.46153846153846,29.918717948717948,448531.8205128205,23.35589743589744,2.901794871794872,215.5548717948718,100.77641025641026,-1.018974358974359,8.2685,-0.4059999999999999,66.0
2024-05-10 18:00:00,2024.0,131.0,18.0,34.72481481481481,-10.921851851851851,-22.007592592592594,-14.06,-20.557407407407407,700.0895833333334,49.65833333333333,14.852083333333333,34.278125,965295.2916666666,33.72416666666667,14.476458333333332,215.59958333333336,100.82916666666668,-0.995,7.617962962962963,-0.1394444444444444,-33.0
2024-05-10 19:00:00,2024.0,131.0,19.0,31.439,-3.511,-20.706333333333337,-2.043833333333333,-9.551333333333334,684.4,14.127450980392156,5.019607843137255,42.99843137254902,693516.4705882353,40.688235294117646,7.084117647058824,215.65019607843132,100.88392156862744,-0.9768627450980392,7.931666666666667,-0.1328333333333333,-131.0
2024-05-10 20:00:00,2024.0,131.0,20.0,31.6496,-14.5716,-4.5282,-26.3442,-25.9826,704.1103448275862,43.189655172413794,2.0517241379310347,51.52551724137931,243391.4482758621,51.07689655172414,20.0425,215.68344827586205,100.9241379310345,-0.9610344827586206,5.5034,-0.051,-157.0
2024-05-10 21:00:00,2024.0,131.0,21.0,43.35103448275862,-20.393103448275863,-16.225689655172413,-32.38862068965517,-36.21844827586207,690.8327272727273,20.30181818181818,-13.523636363636363,32.157090909090904,165942.14545454545,30.77018181818181,25.05074074074074,215.72345454545453,100.96309090909092,-0.947090909090909,5.666896551724138,0.0994827586206896,-277.0
2024-05-10 22:00:00,2024.0,131.0,22.0,64.89999999999999,-4.1260377358490565,3.24867924528302,-4.518301886792453,-2.715471698113208,729.0232558139535,4.68139534883721,30.18837209302325,23.052325581395348,186072.8139534884,24.997209302325583,3.7734146341463415,215.7627906976744,101.00976744186046,-0.925813953488372,9.079811320754718,-0.3820754716981132,-339.0
2024-05-10 23:00:00,2024.0,131.0,23.0,69.14764705882352,-0.0823529411764704,63.24235294117648,-25.40352941176471,3.409411764705883,740.4250000000001,2.9,-5.974999999999999,35.60666666666666,81819.0,39.05,-3.289,215.7983333333333,101.03833333333334,-0.9158333333333334,6.425882352941176,-0.0017647058823529,-308.0
2024-05-11 00:00:00,2024.0,132.0,0.0,56.89298245614035,-19.59929824561404,14.698245614035088,-46.69210526315789,-36.71087719298246,753.1767441860464,7.330232558139534,-27.302325581395348,20.791627906976743,333470.37209302327,23.90418604651163,27.69953488372093,215.84255813953487,101.0846511627907,-0.8923255813953488,4.685614035087719,0.1722807017543859,-313.0
2024-05-11 01:00:00,2024.0,132.0,1.0,45.81803921568627,-21.862745098039216,-15.822352941176472,-24.767254901960783,-28.87450980392157,740.3063829787235,40.55531914893617,-10.7,31.33042553191489,328514.42553191487,34.41063829787234,21.084666666666667,215.8806382978724,101.13,-0.8742553191489363,6.206274509803921,0.0674509803921568,-390.0
2024-05-11 02:00:00,2024.0,132.0,2.0,32.06981132075472,-1.46811320754717,-4.319622641509434,-27.784716981132075,-27.467169811320755,742.9344827586207,-2.534482758620689,9.520689655172417,37.500689655172415,224534.4827586207,41.18724137931035,17.880714285714284,215.92689655172416,101.17689655172414,-0.8558620689655172,5.598867924528302,-0.0847169811320754,-406.0
2024-05-11 03:00:00,2024.0,132.0,3.0,36.48916666666666,-15.326,-22.5125,-20.751166666666663,-26.71733333333333,731.8591836734694,-2.877551020408163,-33.730612244897955,16.173877551020407,175156.16326530612,18.31938775510204,19.461632653061223,215.96142857142857,101.21673469387756,-0.8379591836734693,8.654833333333332,0.4893333333333333,-395.0
2024-05-11 04:00:00,2024.0,132.0,4.0,38.79416666666667,-15.744333333333334,-31.839666666666663,2.535166666666667,-6.285666666666667,704.028813559322,-32.84576271186441,20.193220338983053,13.938474576271188,198302.9661016949,13.838305084745762,4.182372881355932,216.0028813559322,101.2535593220339,-0.8194915254237288,10.305166666666668,-0.3013333333333333,-389.0
2024-05-11 05:00:00,2024.0,132.0,5.0,38.59237288135593,-16.641525423728815,-31.53559322033898,11.08677966101695,3.358135593220339,700.6779661016949,-33.84406779661017,52.46949152542373,25.35169491525424,216800.45762711865,24.95559322033898,-2.2944827586206897,216.04474576271184,101.29474576271188,-0.8023728813559322,9.513898305084746,-0.7049152542372882,-358.0
2024-05-11 06:00:00,2024.0,132.0,6.0,39.20649122807018,-20.293508771929822,-3.595789473684211,-27.59315789473684,-27.891052631578948,684.6755555555555,-13.666666666666666,31.58888888888889,36.55177777777778,425138.7333333333,34.16888888888889,17.826666666666668,216.08977777777773,101.34133333333332,-0.782888888888889,5.832456140350877,-0.2571929824561403,-320.0
2024-05-11 07:00:00,2024.0,132.0,7.0,36.95016949152542,-5.975084745762711,27.01813559322034,-15.511525423728814,-11.040338983050848,696.9946428571428,-31.951785714285712,14.321428571428571,36.589642857142856,267584.46428571426,35.48464285714286,7.13875,216.11464285714283,101.37482142857142,-0.7698214285714285,6.999322033898305,-0.1227118644067796,-374.0
2024-05-11 08:00:00,2024.0,132.0,8.0,34.6055,-1.7133333333333334,15.127333333333333,-26.137833333333333,-24.0075,715.7411764705882,11.919607843137255,-38.1764705882353,19.56921568627451,313591.6274509804,20.08882352941177,17.33823529411765,216.15921568627448,101.4143137254902,-0.7509803921568627,6.886166666666667,0.3653333333333333,-364.0
2024-05-11 09:00:00,2024.0,132.0,9.0,36.59847457627119,-3.410677966101695,6.621525423728814,-35.03864406779661,-34.08525423728813,689.7191489361702,3.4191489361702123,-24.565957446808508,17.39936170212766,145195.0,16.877659574468087,24.347021276595743,216.19212765957448,101.44255319148937,-0.7380851063829786,6.419491525423729,0.2567796610169491,-297.0
2024-05-11 10:00:00,2024.0,132.0,10.0,19.87073170731708,0.7582926829268293,3.239512195121951,-15.095121951219513,-14.707317073170731,704.408,1.2120000000000002,-19.712,26.0604,331057.52,25.8916,6.8952,216.2436,101.494,-0.714,7.068780487804878,0.3070731707317073,-318.0
2024-05-11 11:00:00,2024.0,132.0,11.0,18.87627118644068,-4.147966101694916,2.7516949152542374,-7.629491525423728,-7.319830508474577,785.9660714285714,-45.99821428571429,-47.54464285714285,17.266607142857143,257648.375,21.32767857142857,5.492727272727273,216.28357142857143,101.54071428571427,-0.6946428571428571,8.232372881355932,0.5001694915254238,-268.0
2024-05-11 12:00:00,2024.0,132.0,12.0,26.79943396226415,-9.063018867924528,9.640377358490566,-21.563962264150945,-20.39735849056604,814.7636363636364,-65.01590909090909,-52.96818181818182,10.631363636363638,109444.88636363635,14.102045454545454,16.39439024390244,216.3227272727273,101.57568181818182,-0.6788636363636363,7.449245283018868,0.4728301886792452,-258.0
2024-05-11 13:00:00,2024.0,132.0,13.0,27.1885,-11.847833333333334,6.489,-23.1365,-22.061333333333334,797.878,-75.488,-43.46,9.9546,77144.1,12.6544,17.5976,216.3566,101.6062,-0.662,7.341833333333333,0.4059999999999999,-279.0
2024-05-11 14:00:00,2024.0,132.0,14.0,23.831833333333336,-8.582500000000001,7.257499999999999,-20.510166666666667,-19.071166666666667,769.2170212765957,-48.56170212765958,-38.07446808510638,9.767659574468086,78642.91489361702,11.571063829787237,14.808510638297872,216.40021276595743,101.65021276595743,-0.6468085106382979,7.7305,0.3918333333333333,-281.0
2024-05-11 15:00:00,2024.0,132.0,15.0,15.03,-8.647241379310346,-2.905,-11.53,-11.884310344827586,802.5105263157895,-30.39736842105263,5.515789473684211,7.280263157894736,66756.63157894737,9.325526315789476,9.613157894736842,216.4436842105264,101.68815789473685,-0.63,9.088620689655173,-0.0594827586206896,-265.0
2024-05-11 16:00:00,2024.0,132.0,16.0,12.438833333333331,-7.154,-7.430499999999999,-5.675,-7.364833333333333,786.817543859649,-15.07719298245614,14.391228070175435,4.843508771929824,57936.38596491228,5.992982456140351,5.70859649122807,216.4808771929825,101.72087719298246,-0.609298245614035,10.541833333333331,-0.1783333333333333,-270.0
2024-05-11 17:00:00,2024.0,132.0,17.0,8.694166666666666,-6.017666666666667,-4.427833333333334,-0.7621666666666668,-2.006666666666667,800.6442307692307,-19.609615384615385,-2.7,4.802115384615385,117812.30769230767,6.185576923076923,1.7621153846153843,216.52269230769232,101.76403846153843,-0.5923076923076922,10.927833333333332,0.0405,-248.0
2024-05-11 18:00:00,2024.0,132.0,18.0,13.5555,-0.5346666666666666,6.338666666666667,-1.068,1.0691666666666668,870.8,-10.767272727272728,-41.86363636363637,8.742,240403.07272727272,13.642363636363635,-0.8550909090909091,216.56345454545453,101.80145454545456,-0.5743636363636364,9.942,0.4396666666666666,-203.0
2024-05-11 19:00:00,2024.0,132.0,19.0,13.521964285714288,1.75625,5.991071428571429,2.889821428571429,4.902678571428572,889.163829787234,20.180851063829788,-92.51276595744682,8.986808510638298,380847.2765957447,14.23191489361702,-4.613695652173913,216.60468085106385,101.8427659574468,-0.5548936170212766,9.823035714285714,1.01625,-198.0
2024-05-11 20:00:00,2024.0,132.0,20.0,9.222181818181818,4.124363636363636,0.8321818181818181,-3.327818181818182,-2.7187272727272727,906.304761904762,36.57619047619048,-46.02142857142857,7.3619047619047615,303861.3095238095,12.07952380952381,2.8960975609756097,216.63785714285711,101.87571428571428,-0.5407142857142857,9.524363636363637,0.5127272727272727,-190.0
2024-05-11 21:00:00,2024.0,132.0,21.0,12.784666666666668,-4.4575,-0.1876666666666666,6.831666666666666,6.142,893.916,-12.824000000000002,-55.538,7.6928,198801.44,12.3148,-5.3054,216.6818,101.9124,-0.52,9.956833333333332,0.6208333333333333,-169.0
2024-05-11 22:00:00,2024.0,132.0,22.0,12.711166666666664,-5.7251666666666665,4.708,7.013333333333334,8.34,879.8061224489796,-5.751020408163265,-36.56530612244898,5.835714285714285,255421.1224489796,9.158163265306122,-7.015714285714285,216.71530612244896,101.94591836734696,-0.5063265306122449,11.124,0.4436666666666667,-157.0
2024-05-11 23:00:00,2024.0,132.0,23.0,9.307627118644069,4.989830508474576,7.091694915254238,-1.9671186440677968,1.1438983050847458,895.9644444444444,-6.346666666666666,-3.484444444444444,1.4706666666666668,833884.2222222222,2.4108888888888886,-1.474,216.7553333333333,101.98222222222222,-0.485111111111111,12.830169491525425,0.0042372881355932,-167.0
2024-05-12 00:00:00,2024.0,133.0,0.0,7.6040677966101695,4.697966101694916,2.8310169491525423,-2.306101694915254,-0.9698305084745764,949.440425531915,29.200000000000003,37.36808510638298,1.9195744680851063,486195.6808510638,3.462127659574468,0.9430434782608694,216.796170212766,102.01617021276596,-0.4687234042553191,11.727627118644069,-0.4498305084745762,-150.0
2024-05-12 01:00:00,2024.0,133.0,1.0,7.772666666666667,5.6825,-1.3705,-3.2981666666666665,-3.5930000000000004,1000.35,20.52857142857143,43.20238095238095,3.022142857142857,137026.52380952382,6.038095238095238,3.821428571428572,216.83714285714285,102.05714285714284,-0.4511904761904762,10.5445,-0.4508333333333333,-142.0
2024-05-12 02:00:00,2024.0,133.0,2.0,6.992678571428571,-1.5285714285714287,-4.511964285714286,-1.5135714285714286,-2.985,948.2307692307692,11.830769230769231,6.213461538461539,5.5425,55357.11538461538,9.940192307692309,2.982,216.88153846153847,102.0876923076923,-0.4332692307692308,10.135357142857144,-0.0698214285714285,-135.0
2024-05-12 03:00:00,2024.0,133.0,3.0,7.225087719298245,-5.711052631578947,0.7003508771929825,3.045087719298245,3.1257894736842102,929.74,-5.2625,7.755,7.8375,33424.875,13.5125,-2.63425,216.93475,102.13525,-0.413,9.900526315789474,-0.095438596491228,-138.0
2024-05-12 04:00:00,2024.0,133.0,4.0,6.392666666666667,-5.666166666666667,-1.104666666666667,2.566333333333333,2.1668333333333334,920.1439024390244,8.046341463414633,11.975609756097562,6.640731707317073,33513.0,11.250487804878048,-1.943170731707317,216.96414634146345,102.16,-0.3985365853658537,10.3765,-0.1431666666666666,-138.0
2024-05-12 05:00:00,2024.0,133.0,5.0,5.795833333333333,-4.796333333333333,0.9036666666666666,3.0535,3.1801666666666666,902.5058823529412,6.690196078431373,2.201960784313725,3.1921568627450982,36738.07843137255,5.190980392156863,-2.875686274509804,217.00254901960787,102.19333333333331,-0.3805882352941176,11.320666666666666,-0.0245,-143.0
2024-05-12 06:00:00,2024.0,133.0,6.0,4.917166666666666,-4.005333333333334,0.3485,2.621,2.6493333333333333,889.2795454545455,-11.075,-6.040909090909091,2.324772727272727,34708.795454545456,3.682272727272728,-2.1888636363636365,217.04454545454547,102.2315909090909,-0.36,11.803,0.036,-132.0
2024-05-12 07:00:00,2024.0,133.0,7.0,4.292333333333334,-3.786,-0.6054999999999999,1.7366666666666668,1.618,878.369387755102,-0.4489795918367346,-19.56122448979592,1.9804081632653057,36736.32653061225,3.056734693877551,-1.4587755102040818,217.07469387755103,102.25489795918368,-0.3479591836734694,12.172833333333331,0.2723333333333333,-132.0
2024-05-12 08:00:00,2024.0,133.0,8.0,4.446379310344828,-4.236379310344828,0.1399999999999999,1.1356896551724138,1.143793103448276,856.7783783783783,-7.291891891891892,-9.364864864864863,1.39,27454.83783783784,2.0454054054054054,-0.8141666666666666,217.10432432432435,102.28432432432432,-0.3340540540540541,12.823793103448276,0.1744827586206896,-131.0
2024-05-12 09:00:00,2024.0,133.0,9.0,7.708,-7.000166666666667,0.5984999999999999,2.238833333333333,2.287,856.5361702127659,41.77234042553192,-45.6,2.6470212765957446,47619.0,3.967872340425532,-1.5985106382978722,217.14702127659567,102.31978723404256,-0.315531914893617,11.834833333333334,0.6910000000000001,-114.0
2024-05-12 10:00:00,2024.0,133.0,10.0,10.412203389830507,-8.942542372881356,1.5011864406779662,4.633898305084745,4.75406779661017,878.5139999999999,39.836,-105.524,2.777,181150.66,4.267,-4.247800000000001,217.1956,102.3606,-0.2944,12.248135593220338,1.378813559322034,-104.0
2024-05-12 11:00:00,2024.0,133.0,11.0,9.6685,-8.659666666666668,0.5843333333333334,3.76,3.798333333333333,871.1222222222223,85.07555555555555,-83.95555555555555,1.035111111111111,410931.8888888889,1.5704444444444443,-3.2937777777777777,217.23977777777776,102.39044444444444,-0.278,13.767833333333334,1.3173333333333337,-108.0
2024-05-12 12:00:00,2024.0,133.0,12.0,8.989491525423729,-7.70728813559322,2.008983050847457,3.7189830508474575,3.907966101694915,878.392105263158,97.4657894736842,-72.93947368421053,1.0,581461.6578947369,1.543157894736842,-3.4160526315789475,217.27078947368423,102.42,-0.2665789473684211,13.73084745762712,1.115084745762712,-108.0
2024-05-12 13:00:00,2024.0,133.0,13.0,8.167833333333332,-7.060333333333333,2.5305000000000004,2.7143333333333337,3.0075,870.9444444444445,87.03777777777778,-50.21777777777778,1.038,612511.9333333333,1.5744444444444443,-2.63,217.2988888888889,102.44133333333332,-0.252,13.629,0.821,-104.0
2024-05-12 14:00:00,2024.0,133.0,14.0,7.130833333333333,-6.269833333333334,2.168,1.9203333333333328,2.244666666666667,854.5414634146341,85.65365853658537,-34.70487804878049,0.973658536585366,573199.0731707317,1.4224390243902438,-1.6895121951219512,217.32756097560977,102.46756097560976,-0.2409756097560975,13.689833333333333,0.7261666666666666,-102.0
2024-05-12 15:00:00,2024.0,133.0,15.0,6.285254237288135,-4.748474576271187,3.4259322033898303,-0.4844067796610169,0.1959322033898305,850.0717391304348,74.76521739130435,19.76086956521739,0.9039130434782608,785926.9565217391,1.3106521739130437,-0.156,217.3630434782609,102.49695652173912,-0.2210869565217391,13.807966101694914,-0.3201694915254237,-96.0
2024-05-12 16:00:00,2024.0,133.0,16.0,5.823833333333334,-4.359333333333334,3.3755,0.9665,1.7528333333333337,821.4017857142857,81.2375,0.7571428571428575,0.9208928571428572,959504.7678571428,1.2455357142857142,-1.452142857142857,217.4157142857143,102.53410714285714,-0.2024999999999999,14.129666666666669,-0.0133333333333333,-97.0
2024-05-12 17:00:00,2024.0,133.0,17.0,5.5883050847457625,-3.3194915254237287,3.8971186440677967,0.8425423728813559,1.9357627118644067,838.5794871794872,80.09230769230768,7.630769230769231,1.3253846153846154,1117489.2564102565,1.8820512820512825,-1.487948717948718,217.46410256410252,102.57410256410256,-0.1764102564102564,13.348644067796611,-0.0750847457627118,-93.0
2024-05-12 18:00:00,2024.0,133.0,18.0,6.39551724137931,0.7806896551724138,5.373793103448276,-0.574655172413793,1.2291379310344828,900.6207547169812,66.60188679245283,42.97924528301887,1.701320754716981,939301.0,2.755660377358491,-1.2144230769230768,217.5171698113208,102.60867924528304,-0.160566037735849,12.308793103448275,-0.5917241379310345,-87.0
2024-05-12 19:00:00,2024.0,133.0,19.0,6.47,-1.4293333333333336,5.853777777777778,-0.8664444444444445,1.308,872.2697674418604,43.253488372093024,49.93023255813954,1.967674418604651,892977.976744186,2.994186046511628,-1.1147619047619048,217.54651162790697,102.63627906976744,-0.1448837209302325,12.207555555555556,-0.7222222222222222,-82.0
2024-05-12 20:00:00,2024.0,133.0,20.0,7.221999999999999,-0.5681666666666667,4.968833333333333,-4.856166666666667,-2.527833333333333,854.206,36.242,80.866,2.345,387233.48,3.4164,2.1192,217.59420000000003,102.6728,-0.1235999999999999,11.333833333333333,-1.085,-75.0
2024-05-12 21:00:00,2024.0,133.0,21.0,9.129166666666666,-0.3985,4.051833333333333,-7.976,-5.636333333333334,831.9622641509434,51.07358490566038,90.81886792452828,3.3590566037735847,109488.83018867925,4.646981132075472,4.717169811320755,217.6335849056604,102.70358490566038,-0.1077358490566037,10.341666666666669,-1.1258333333333332,-77.0
2024-05-12 22:00:00,2024.0,133.0,22.0,9.786140350877192,0.5480701754385965,3.396140350877193,-0.2861403508771931,1.1412280701754385,843.7377777777778,2.813333333333333,48.09333333333333,4.702,115366.17777777778,6.686222222222222,-1.225,217.6708888888889,102.73088888888888,-0.0884444444444444,10.519824561403508,-0.5917543859649124,-86.0
2024-05-12 23:00:00,2024.0,133.0,23.0,7.709166666666666,-3.301,5.792333333333334,-0.2766666666666666,2.120166666666667,821.0450980392158,-15.231372549019609,11.129411764705884,7.773333333333333,97286.35294117648,10.375686274509803,-1.8829411764705883,217.703137254902,102.75392156862743,-0.0739215686274509,10.154166666666669,-0.1701666666666667,-81.0
2024-05-13 00:00:00,2024.0,134.0,0.0,8.4925,-6.186833333333333,5.0808333333333335,-0.3849999999999999,1.6523333333333334,812.373076923077,-5.803846153846154,11.315384615384614,7.098269230769231,77944.57692307692,9.353076923076925,-1.3738461538461535,217.7409615384616,102.77961538461538,-0.0596153846153846,10.234666666666667,-0.1413333333333333,-74.0
2024-05-13 01:00:00,2024.0,134.0,1.0,7.224,-6.197333333333333,1.5495,-3.1001666666666665,-2.303166666666667,809.6475,1.4825,13.6025,7.13125,117583.4,9.35325,1.77725,217.7735,102.8075,-0.044,10.0455,-0.2171666666666666,-76.0
2024-05-13 02:00:00,2024.0,134.0,2.0,7.400833333333334,-6.585,1.4546666666666668,-2.5525,-1.9038333333333333,803.7490566037735,-12.139622641509431,20.81320754716981,6.768679245283019,82318.32075471699,8.752452830188679,1.5133962264150942,217.82830188679245,102.84490566037736,-0.0216981132075471,10.186833333333334,-0.2736666666666666,-83.0
2024-05-13 03:00:00,2024.0,134.0,3.0,4.8769387755102045,-1.662448979591837,1.7565306122448978,-3.2083673469387755,-2.5251020408163267,795.2560975609756,-6.078048780487805,14.01219512195122,9.79341463414634,79971.87804878049,12.370243902439023,1.98948717948718,217.8756097560976,102.88,-0.003170731707317,9.554489795918368,-0.1675510204081632,-88.0
2024-05-13 04:00:00,2024.0,134.0,4.0,6.382000000000001,1.7546666666666666,2.277833333333333,-4.918166666666666,-4.1401666666666666,788.2704545454545,-9.60909090909091,13.893181818181818,9.21181818181818,66077.63636363637,11.460681818181818,3.235909090909091,217.9075,102.89909090909092,0.0113636363636363,9.497166666666669,-0.1615,-93.0
2024-05-13 05:00:00,2024.0,134.0,5.0,7.772666666666667,-1.7655,2.7546666666666666,-6.04,-5.2748333333333335,767.4787234042553,-12.24468085106383,26.77872340425532,7.111063829787235,53531.255319148935,8.37531914893617,4.227872340425532,217.9436170212766,102.9272340425532,0.0291489361702127,9.746,-0.311,-86.0
2024-05-13 06:00:00,2024.0,134.0,6.0,7.6512280701754385,-4.244210526315789,1.6905263157894737,-5.703157894736842,-5.288245614035088,735.885,-7.784999999999999,17.775,4.861,42841.25,5.282,4.12,217.9945,102.959,0.05,10.530701754385966,-0.2396491228070175,-84.0
2024-05-13 07:00:00,2024.0,134.0,7.0,8.398305084745763,-7.266949152542373,0.1415254237288135,-3.738305084745763,-3.67135593220339,718.6489795918368,-4.43265306122449,1.902040816326531,6.327551020408164,57866.77551020408,6.531632653061225,2.743469387755102,218.0134693877551,102.9734693877551,0.056734693877551,10.522033898305084,-0.0232203389830508,-67.0
2024-05-13 08:00:00,2024.0,134.0,8.0,8.7655,-7.944500000000001,1.459,1.9218333333333333,2.0801666666666665,712.9176470588236,2.411764705882353,-1.6549019607843138,8.715686274509803,60343.25490196078,8.859411764705882,-1.448235294117647,218.0405882352941,102.9956862745098,0.0680392156862745,10.410666666666666,0.0168333333333333,-63.0
2024-05-13 09:00:00,2024.0,134.0,9.0,8.771228070175438,-7.42421052631579,1.6480701754385965,4.256140350877192,4.39719298245614,696.8914893617022,2.5127659574468084,5.908510638297872,8.106382978723405,49051.17021276596,7.893191489361702,-3.045777777777778,218.10297872340425,103.03489361702128,0.0957446808510638,10.726666666666668,-0.0673684210526315,-59.0
2024-05-13 10:00:00,2024.0,134.0,10.0,8.371333333333332,-5.269166666666666,3.0455,5.4270000000000005,5.67,680.2555555555556,1.825,6.702777777777778,7.146388888888889,68433.91666666667,6.6113888888888885,-3.713333333333333,218.15416666666667,103.06888888888888,0.1158333333333333,11.060666666666666,-0.061,-57.0
2024-05-13 11:00:00,2024.0,134.0,11.0,6.158,1.5605,2.2143333333333337,2.189,2.3703333333333334,671.1909090909091,3.763636363636364,14.667272727272728,6.608909090909092,74289.41818181818,5.953636363636363,-1.5356363636363637,218.1850909090909,103.09,0.1349090909090909,11.089,-0.2468333333333333,-61.0
2024-05-13 12:00:00,2024.0,134.0,12.0,4.917090909090909,-0.6783636363636363,2.172,3.8956363636363633,4.088,637.2690476190476,2.3261904761904764,8.69047619047619,5.216666666666667,53762.619047619046,4.226428571428571,-2.614390243902439,218.22952380952376,103.12047619047618,0.1516666666666666,11.710909090909093,-0.2014545454545454,-59.0
2024-05-13 13:00:00,2024.0,134.0,13.0,4.502352941176471,0.1470588235294117,1.9666666666666663,3.811764705882353,4.017843137254902,630.8444444444444,5.841666666666666,3.105555555555556,4.068055555555556,42479.5,3.239722222222222,-2.5891428571428574,218.2772222222222,103.15083333333332,0.1705555555555555,12.054901960784314,-0.14,-63.0
2024-05-13 14:00:00,2024.0,134.0,14.0,5.054313725490196,1.4113725490196078,2.8282352941176474,3.8080392156862746,4.196274509803922,624.963888888889,-15.991666666666667,-10.455555555555556,3.345,25030.972222222223,2.6119444444444446,-2.628125,218.31944444444449,103.17444444444445,0.1883333333333333,12.575882352941177,0.1580392156862745,-57.0
2024-05-13 15:00:00,2024.0,134.0,15.0,5.125,1.6317241379310343,1.9736206896551725,4.389310344827586,4.6850000000000005,624.5124999999999,-22.441666666666663,-3.264583333333333,4.3445833333333335,22682.5625,3.3902083333333333,-2.91468085106383,218.34625000000003,103.19375,0.2004166666666667,12.134137931034482,0.0505172413793103,-51.0
2024-05-13 16:00:00,2024.0,134.0,16.0,5.117118644067797,1.89135593220339,0.965084745762712,4.532372881355933,4.632542372881356,617.1166666666667,-27.65416666666667,-15.939583333333331,4.301041666666666,23666.4375,3.2760416666666665,-2.8489361702127662,218.38791666666663,103.21895833333332,0.2147916666666667,12.208305084745762,0.3215254237288135,-54.0
2024-05-13 17:00:00,2024.0,134.0,17.0,5.0269642857142856,2.915,-0.8501785714285715,2.75625,2.3937500000000003,612.7275,-24.2325,-12.5475,3.139,39180.575,2.3545,-1.2235135135135136,218.41475,103.23525,0.2285,12.841607142857145,0.3453571428571428,-55.0
2024-05-13 18:00:00,2024.0,134.0,18.0,5.364716981132075,3.48,-0.9471698113207548,3.779433962264151,3.26811320754717,610.0326086956521,-21.20434782608696,-15.215217391304348,4.179130434782609,30933.804347826088,3.108913043478261,-2.0863043478260868,218.4534782608696,103.25956521739133,0.2465217391304348,12.280754716981132,0.2864150943396226,-55.0
2024-05-13 19:00:00,2024.0,134.0,19.0,5.265762711864407,2.7510169491525422,-0.4272881355932204,4.427627118644068,3.975932203389831,599.8444444444444,-16.03111111111111,-10.86,4.319333333333334,22591.82222222222,3.107555555555556,-2.395454545454545,218.4955555555556,103.2857777777778,0.264,12.308305084745763,0.2144067796610169,-51.0
2024-05-13 20:00:00,2024.0,134.0,20.0,5.199090909090909,3.0254545454545454,-0.8241818181818181,4.128363636363637,3.491272727272728,595.2658536585366,-14.36829268292683,-11.607317073170732,4.455365853658536,19970.731707317074,3.1570731707317075,-2.05825,218.53707317073173,103.31170731707316,0.28,12.245454545454546,0.2332727272727272,-48.0
2024-05-13 21:00:00,2024.0,134.0,21.0,5.243773584905661,3.2667924528301886,0.1377358490566037,4.039811320754716,3.7547169811320753,587.7756756756756,-16.335135135135136,-13.13783783783784,5.196486486486487,22897.108108108107,3.59054054054054,-2.215,218.5797297297297,103.33432432432431,0.2981081081081081,12.035849056603771,0.2737735849056604,-44.0
2024-05-13 22:00:00,2024.0,134.0,22.0,5.333166666666667,2.1685000000000003,1.981,4.430166666666667,4.853166666666667,582.1214285714285,-5.351785714285714,-2.817857142857143,4.816428571428572,22451.571428571428,3.264464285714286,-2.817142857142857,218.6141071428572,103.35392857142855,0.3132142857142857,12.2115,0.0585,-43.0
2024-05-13 23:00:00,2024.0,134.0,23.0,5.2524444444444445,1.4326666666666663,2.9668888888888887,4.014222222222222,4.870444444444444,572.3365853658537,-6.8219512195121945,-7.35609756097561,4.067317073170732,23930.51219512195,2.668780487804878,-2.797179487179488,218.64585365853657,103.37268292682926,0.3273170731707317,12.595777777777776,0.164,-46.0
2024-05-14 00:00:00,2024.0,135.0,0.0,6.322807017543859,3.612982456140351,3.1787719298245616,3.920350877192983,4.846491228070176,575.7717391304348,3.65,-6.430434782608696,4.387391304347826,32371.391304347828,2.911086956521739,-2.7858695652173915,218.6904347826087,103.3991304347826,0.3454347826086956,12.482105263157894,0.1347368421052631,-45.0
2024-05-14 01:00:00,2024.0,135.0,1.0,7.1915,4.7075,4.535333333333333,2.853,4.312166666666667,576.4928571428571,10.8875,-10.810714285714283,3.534464285714286,29655.66071428572,2.3498214285714285,-2.5210714285714286,218.75625,103.43660714285714,0.3735714285714286,12.902833333333332,0.2393333333333333,-48.0
2024-05-14 02:00:00,2024.0,135.0,2.0,6.718333333333334,4.284666666666666,4.7331666666666665,1.9126666666666667,3.391,569.0087719298245,7.5,-16.29298245614035,2.9212280701754385,31331.71929824561,1.891754385964912,-1.936140350877193,218.80210526315787,103.46052631578948,0.3931578947368421,13.305666666666667,0.3905,-49.0
2024-05-14 03:00:00,2024.0,135.0,3.0,6.48103448275862,3.855172413793104,4.769655172413793,1.9436206896551724,3.2824137931034483,561.9403846153847,0.996153846153846,-23.38846153846153,2.0773076923076923,29365.92307692308,1.3132692307692309,-1.8059615384615384,218.84230769230768,103.48615384615384,0.4132692307692307,14.108448275862068,0.5887931034482758,-51.0
2024-05-14 04:00:00,2024.0,135.0,4.0,5.879499999999999,4.455333333333333,3.775,0.3826666666666666,1.3516666666666666,557.1928571428572,4.742857142857143,-8.448214285714286,1.9448214285714285,27118.23214285714,1.2082142857142857,-0.7580357142857144,218.8867857142857,103.5075,0.4314285714285714,14.199833333333334,0.212,-46.0
2024-05-14 05:00:00,2024.0,135.0,5.0,5.214333333333333,3.8105,3.431166666666667,0.5385000000000001,1.2706666666666666,549.3578947368421,6.696491228070175,-0.0982456140350877,1.851578947368421,34846.508771929824,1.1159649122807018,-0.7164912280701755,218.92543859649123,103.53087719298246,0.4471929824561403,14.379,0.0018333333333333,-42.0
2024-05-14 06:00:00,2024.0,135.0,6.0,5.4993103448275855,1.372241379310345,3.0324137931034483,3.127586206896552,3.6379310344827593,550.644,-4.8,0.93,1.138,65716.46,0.6898000000000001,-2.018125,218.9664,103.5524,0.4622,15.924137931034483,0.0001724137931034,-41.0
2024-05-14 07:00:00,2024.0,135.0,7.0,4.664333333333333,-1.6686666666666667,-0.205,4.312,4.238833333333334,553.6260869565217,-13.504347826086958,6.0,0.8693478260869566,115921.78260869563,0.5328260869565218,-2.370652173913044,219.01043478260868,103.57391304347826,0.4795652173913043,16.3185,-0.1551666666666666,-43.0
2024-05-14 08:00:00,2024.0,135.0,8.0,4.76280701754386,-1.8324561403508768,-0.9317543859649122,4.116491228070175,3.984210526315789,545.9972222222223,-4.627777777777777,12.647222222222222,0.7894444444444445,68743.13888888889,0.4694444444444444,-2.156285714285714,219.05277777777772,103.59305555555557,0.4941666666666666,16.65982456140351,-0.3750877192982456,-46.0
2024-05-14 09:00:00,2024.0,135.0,9.0,4.845918367346939,-1.763469387755102,-0.2112244897959184,4.280408163265307,4.240612244897959,540.325,-8.530555555555557,10.586111111111112,0.8016666666666666,96550.83333333331,0.4666666666666667,-2.2685714285714287,219.09333333333336,103.61305555555556,0.5177777777777778,16.776122448979592,-0.3459183673469387,-49.0
2024-05-14 10:00:00,2024.0,135.0,10.0,4.3956,-2.2132,-0.2496,2.7148000000000003,2.685,533.4023255813953,3.109302325581395,10.913953488372094,0.7467441860465116,134518.81395348837,0.4251162790697674,-1.485,219.14348837209303,103.63744186046512,0.5390697674418604,16.788,-0.3736,-51.0
2024-05-14 11:00:00,2024.0,135.0,11.0,3.614833333333333,-2.8273333333333337,-0.7121666666666666,0.1123333333333333,0.055,528.0981481481481,12.420370370370373,18.822222222222223,0.7305555555555556,164687.12962962964,0.4079629629629629,-0.0155555555555555,219.18722222222223,103.65962962962963,0.5551851851851852,16.574,-0.6455,-53.0
2024-05-14 12:00:00,2024.0,135.0,12.0,3.5746666666666664,-3.283,0.1903333333333333,0.5231666666666667,0.538,520.2148936170213,4.014893617021277,13.719148936170212,0.9229787234042554,150280.82978723405,0.5,-0.1995744680851063,219.2340425531915,103.6859574468085,0.5725531914893617,16.121166666666667,-0.4636666666666666,-54.0
2024-05-14 13:00:00,2024.0,135.0,13.0,3.4925,-3.305,0.2468333333333333,0.9548333333333332,0.9748333333333332,514.3857142857142,11.185714285714283,-2.132142857142857,0.9910714285714286,143498.64285714287,0.5246428571428572,-0.53,219.25464285714287,103.69464285714284,0.58,15.953666666666669,0.0378333333333333,-48.0
2024-05-14 14:00:00,2024.0,135.0,14.0,3.429333333333333,-3.3291666666666666,0.3135,0.2963333333333333,0.3419999999999999,508.8944444444445,6.519444444444444,1.397222222222222,0.9275,128448.61111111112,0.4805555555555555,-0.1463888888888888,219.2730555555556,103.7038888888889,0.5886111111111111,16.1735,-0.0651666666666666,-45.0
2024-05-14 15:00:00,2024.0,135.0,15.0,3.2876666666666665,-2.3985,1.2848333333333335,-0.201,0.0413333333333333,524.7175438596491,-0.9736842105263158,8.866666666666667,0.9507017543859648,109446.1052631579,0.5236842105263159,-0.0698245614035087,219.3052631578948,103.7198245614035,0.605438596491228,15.871166666666666,-0.2911666666666666,-44.0
2024-05-14 16:00:00,2024.0,135.0,16.0,3.472833333333333,-2.732833333333333,1.053,0.5998333333333333,0.8311666666666667,518.1325581395349,-6.865116279069767,11.17906976744186,0.9016279069767442,75824.16279069768,0.4841860465116279,-0.4709302325581395,219.3388372093023,103.73279069767442,0.617906976744186,16.157666666666668,-0.405,-42.0
2024-05-14 17:00:00,2024.0,135.0,17.0,3.491333333333333,-2.4975,0.6348333333333334,0.9775,1.1063333333333332,526.6830508474576,7.27457627118644,3.3457627118644067,0.9008474576271186,96115.71186440678,0.5,-0.5749152542372882,219.42610169491525,103.77050847457627,0.6544067796610169,16.08716666666667,-0.097,-42.0
2024-05-14 18:00:00,2024.0,135.0,18.0,3.591290322580645,-3.291935483870968,-0.6880645161290322,0.8232258064516129,0.5616129032258065,511.8181818181818,51.18181818181818,18.43636363636364,0.9736363636363636,84489.90909090909,0.509090909090909,-0.0657142857142857,219.4881818181818,103.8,0.68,16.111290322580643,-0.3696774193548387,-45.0
2024-05-14 19:00:00,2024.0,135.0,19.0,3.584705882352941,-3.0701960784313727,-0.4407843137254902,1.4356862745098038,1.1823529411764706,512.76,27.453333333333333,-21.73333333333333,0.7656666666666666,63411.5,0.4006666666666666,-0.7613793103448275,219.497,103.80466666666666,0.6826666666666666,16.545098039215684,0.4711764705882353,-44.0
2024-05-14 20:00:00,2024.0,135.0,20.0,3.626938775510204,-2.693265306122449,0.6138775510204081,2.1687755102040818,2.2426530612244897,512.1,12.711538461538462,-31.3,0.6946153846153845,60642.0,0.3642307692307692,-1.0841666666666667,219.5188461538461,103.81346153846154,0.6907692307692308,16.93408163265306,1.0020408163265306,-41.0
2024-05-14 21:00:00,2024.0,135.0,21.0,3.619833333333333,-2.5508333333333337,0.6195,2.2555,2.3136666666666668,516.0675675675676,9.372972972972974,-32.32702702702702,0.6772972972972973,53376.64864864865,0.361081081081081,-1.2305405405405403,219.55027027027023,103.82486486486486,0.7072972972972973,17.022833333333335,1.040166666666667,-39.0
2024-05-14 22:00:00,2024.0,135.0,22.0,3.575,-2.9770689655172413,1.1839655172413794,1.2025862068965518,1.5777586206896552,507.5904761904762,-0.3809523809523811,-22.804761904761904,0.7447619047619047,64649.73809523809,0.3842857142857143,-0.816829268292683,219.5883333333333,103.84190476190476,0.72,16.879310344827587,0.7172413793103448,-38.0
2024-05-14 23:00:00,2024.0,135.0,23.0,3.6366666666666654,-2.6623333333333337,1.4463333333333332,1.2505,1.7228333333333334,512.5955555555555,3.0066666666666664,-21.284444444444443,0.8453333333333333,54836.26666666667,0.4455555555555556,-0.9104444444444444,219.6375555555556,103.86422222222222,0.7424444444444444,16.477666666666668,0.7364999999999999,-41.0
2024-05-15 00:00:00,2024.0,136.0,0.0,3.5885,-1.8735,2.0963333333333334,1.5115,2.202833333333333,527.91875,-4.2,-15.303125,0.8809375,52390.625,0.4915625,-0.9665625,219.6825,103.8809375,0.76,16.217166666666667,0.6891666666666667,-42.0
2024-05-15 01:00:00,2024.0,136.0,1.0,3.508166666666667,-2.0901666666666667,1.5738333333333332,1.6866666666666668,2.1485,520.3333333333334,4.184444444444445,-23.337777777777777,1.007777777777778,57116.97777777778,0.5448888888888889,-1.1331111111111112,219.7255555555556,103.89933333333336,0.7786666666666666,15.959,0.7043333333333333,-40.0
2024-05-15 02:00:00,2024.0,136.0,2.0,3.558301886792453,-2.789245283018868,1.292264150943396,1.420377358490566,1.7677358490566035,511.8285714285715,14.80714285714286,-12.80714285714286,1.33,65596.25,0.6957142857142857,-0.9565384615384616,219.7625,103.91321428571428,0.7935714285714287,15.346792452830188,0.45,-39.0
2024-05-15 03:00:00,2024.0,136.0,3.0,3.808292682926829,-1.61609756097561,1.6034146341463411,-1.318292682926829,-0.8080487804878049,519.2533333333333,5.5633333333333335,16.169999999999998,1.1546666666666667,51453.4,0.6206666666666667,0.7606896551724137,219.7983333333333,103.92666666666668,0.807,15.343170731707318,-0.3663414634146341,-39.0
2024-05-15 04:00:00,2024.0,136.0,4.0,3.9475,-0.3921666666666666,1.7188333333333332,-3.3996666666666666,-2.8535,525.9757575757576,8.193939393939393,24.663636363636364,1.078181818181818,43857.0,0.5942424242424242,1.5163636363636364,219.8418181818182,103.94242424242424,0.8248484848484848,15.107666666666669,-0.6815,-32.0
2024-05-15 05:00:00,2024.0,136.0,5.0,3.925166666666666,-0.2046666666666667,1.6256666666666668,-3.091333333333333,-2.6653333333333333,524.0173913043478,5.928260869565217,21.16521739130435,1.0556521739130436,49002.108695652176,0.5795652173913044,1.3852173913043475,219.88239130434783,103.96130434782609,0.8430434782608696,15.263833333333334,-0.64,-30.0
2024-05-15 06:00:00,2024.0,136.0,6.0,3.893666666666667,-1.8126666666666664,0.3944999999999999,-1.8221666666666667,-1.7326666666666666,515.7529411764706,28.935294117647057,0.8970588235294118,1.5473529411764706,79645.5294117647,0.8147058823529412,0.9694117647058824,219.9317647058824,103.97823529411764,0.8605882352941175,14.5695,-0.1286666666666666,-33.0
2024-05-15 07:00:00,2024.0,136.0,7.0,3.870333333333333,-2.9776666666666665,0.4455,0.9391666666666668,0.9926666666666668,496.6267857142857,25.919642857142858,-15.396428571428572,1.841428571428572,93119.67857142857,0.9071428571428573,-0.5087499999999999,219.9805357142857,103.99428571428572,0.8817857142857143,14.6425,0.426,-35.0
2024-05-15 08:00:00,2024.0,136.0,8.0,3.532068965517241,-2.693620689655172,0.6674137931034483,-0.3882758620689655,-0.3122413793103448,494.7348837209302,24.504651162790697,1.358139534883721,1.9390697674418604,100540.72093023256,0.9467441860465116,0.1686046511627907,220.0227906976744,104.00883720930231,0.9004651162790698,14.457413793103449,0.0136206896551724,-33.0
2024-05-15 09:00:00,2024.0,136.0,9.0,3.615,-2.698928571428571,0.615,-1.1466071428571427,-1.0880357142857142,486.81590909090914,21.079545454545453,4.868181818181818,1.8538636363636365,98482.72727272728,0.8779545454545455,0.5171428571428571,220.075,104.02613636363638,0.92,14.513035714285715,-0.1189285714285714,-33.0
2024-05-15 10:00:00,2024.0,136.0,10.0,3.6267241379310335,-2.777758620689656,0.8701724137931034,-1.6153448275862068,-1.5458620689655171,483.15128205128207,16.05128205128205,15.594871794871796,1.8938461538461533,110233.10256410256,0.8828205128205128,0.8112820512820513,220.0979487179487,104.03333333333332,0.9287179487179488,14.504827586206895,-0.4551724137931034,-36.0
2024-05-15 11:00:00,2024.0,136.0,11.0,3.65,-2.3394642857142856,0.52,-1.96625,-1.9217857142857144,478.9604651162791,21.1093023255814,18.802325581395348,1.646279069767442,94616.32558139534,0.7523255813953489,0.8781395348837209,220.1586046511628,104.05511627906976,0.9530232558139534,14.724285714285717,-0.6119642857142857,-44.0
2024-05-15 12:00:00,2024.0,136.0,12.0,3.4911666666666665,-2.9521666666666664,0.5161666666666667,-0.5001666666666666,-0.4524999999999999,465.7636363636364,18.30227272727273,-0.5090909090909089,1.837272727272728,94188.13636363635,0.7970454545454545,0.1781818181818182,220.18772727272727,104.06454545454544,0.9647727272727272,14.828,-0.1096666666666666,-46.0
2024-05-15 13:00:00,2024.0,136.0,13.0,3.4810000000000003,-3.0893333333333333,0.0436666666666666,0.0093333333333333,0.011,463.3860465116279,25.27906976744186,2.911627906976744,1.836046511627907,90321.46511627908,0.7862790697674419,-0.0102325581395348,220.23488372093024,104.07720930232556,0.9830232558139534,14.887166666666667,-0.0806666666666666,-44.0
2024-05-15 14:00:00,2024.0,136.0,14.0,3.5643859649122804,-3.1605263157894736,0.3464912280701754,0.4826315789473684,0.5356140350877193,460.4625,15.935,0.43,1.917,85622.175,0.8119999999999999,-0.2844736842105263,220.24775,104.08425,0.991,14.943508771929825,-0.0156140350877192,-41.0
2024-05-15 15:00:00,2024.0,136.0,15.0,3.655121951219512,-2.937073170731708,1.9,-0.3539024390243902,0.003170731707317,460.8217391304348,-2.217391304347826,6.056521739130435,1.7291304347826089,91237.39130434782,0.7347826086956522,-0.1561904761904762,220.2926086956521,104.1,1.01,15.187804878048782,-0.3436585365853658,-40.0
2024-05-15 16:00:00,2024.0,136.0,16.0,3.5631666666666666,-3.0228333333333333,1.2445,-0.437,-0.1443333333333333,453.9563636363636,8.043636363636363,8.805454545454547,1.7847272727272727,82443.21818181819,0.734909090909091,0.0858181818181818,220.34181818181816,104.1109090909091,1.0267272727272727,15.074333333333334,-0.258,-40.0
2024-05-15 17:00:00,2024.0,136.0,17.0,3.563148148148148,-2.9942592592592594,0.8683333333333333,-1.2903703703703704,-1.012037037037037,452.1441176470588,10.26764705882353,15.514705882352942,1.7555882352941177,78998.35294117648,0.7170588235294117,0.3609090909090909,220.355,104.11558823529413,1.0364705882352945,15.007777777777775,-0.6596296296296297,-38.0
2024-05-15 18:00:00,2024.0,136.0,18.0,3.566909090909092,-3.012,1.4274545454545455,-1.096,-0.5870909090909091,448.6868421052631,1.6631578947368422,16.04736842105263,1.7297368421052632,71179.34210526316,0.695,0.2697297297297297,220.4026315789473,104.1292105263158,1.0563157894736843,15.15090909090909,-0.5409090909090909,-32.0
2024-05-15 19:00:00,2024.0,136.0,19.0,4.108965517241379,-3.230862068965517,1.4663793103448275,-1.6691379310344827,-1.0479310344827586,448.48409090909087,15.65,18.16818181818181,2.2588636363636363,86158.11363636363,0.9095454545454548,0.5329545454545455,220.45545454545453,104.14318181818182,1.0754545454545454,14.706206896551723,-0.5932758620689654,-32.0
2024-05-15 20:00:00,2024.0,136.0,20.0,5.769166666666666,-4.724333333333333,1.2755,-1.6478333333333337,-1.0518333333333334,445.0448275862069,42.460344827586205,12.227586206896552,3.1474137931034485,98311.12068965516,1.241551724137931,0.4905172413793103,220.5058620689655,104.15896551724138,1.0927586206896551,13.6705,-0.4018333333333333,-36.0
2024-05-15 21:00:00,2024.0,136.0,21.0,6.492,-5.364999999999999,1.6398333333333333,-2.772333333333333,-1.9066666666666667,435.3145833333333,52.67916666666667,14.341666666666669,3.9754166666666655,130511.4375,1.5064583333333337,0.8254166666666666,220.5783333333333,104.178125,1.1231250000000002,13.168,-0.476,-42.0
2024-05-15 22:00:00,2024.0,136.0,22.0,6.35377358490566,-5.715849056603774,1.5067924528301886,-1.0858490566037735,-0.3956603773584905,429.1815789473684,50.71052631578947,-8.778947368421052,4.075526315789474,102947.18421052632,1.5013157894736842,0.1624999999999999,220.61263157894737,104.18605263157896,1.1381578947368418,13.3588679245283,0.2726415094339622,-44.0
2024-05-15 23:00:00,2024.0,136.0,23.0,6.054237288135593,-5.488305084745763,1.3361016949152542,-1.6881355932203388,-1.0254237288135593,424.5678571428571,47.767857142857146,-10.228571428571428,4.347857142857143,123519.32142857143,1.5660714285714286,0.3424999999999999,220.62785714285715,104.18678571428572,1.1417857142857142,13.23728813559322,0.105593220338983,-49.0
2024-05-16 00:00:00,2024.0,137.0,0.0,5.7476666666666665,-5.1845,1.7523333333333333,-1.342,-0.5766666666666667,420.8,34.57857142857143,-7.139285714285714,3.8939285714285714,89383.35714285714,1.3789285714285715,0.2546428571428571,220.675,104.2042857142857,1.164285714285714,13.5565,0.2708333333333333,-49.0
2024-05-16 01:00:00,2024.0,137.0,1.0,5.448499999999999,-4.704166666666667,1.6061666666666667,-1.7983333333333331,-1.1095,418.7703703703704,39.46851851851852,3.0185185185185186,3.8862962962962966,97100.96296296296,1.3637037037037036,0.4775925925925925,220.71296296296296,104.2112962962963,1.1779629629629629,13.542,-0.0411666666666666,-51.0
2024-05-16 02:00:00,2024.0,137.0,2.0,5.1465000000000005,-3.879,2.4723333333333333,-1.1843333333333337,-0.3196666666666666,422.2461538461538,28.65384615384616,-3.630769230769231,3.959487179487179,105225.30769230767,1.4130769230769231,0.1892307692307692,220.7597435897436,104.22307692307692,1.1953846153846153,13.599,0.1803333333333333,-48.0
2024-05-16 03:00:00,2024.0,137.0,3.0,4.982291666666667,-2.974166666666666,3.031458333333333,-1.8704166666666664,-0.91375,424.1761904761905,17.857142857142858,1.4523809523809523,4.076666666666666,103456.0,1.467142857142857,0.4611111111111111,220.7942857142857,104.2304761904762,1.2090476190476191,13.4675,0.0197916666666666,-46.0
2024-05-16 04:00:00,2024.0,137.0,4.0,5.161724137931034,-3.757241379310345,2.297068965517241,-2.400689655172414,-1.752586206896552,418.4500000000001,25.45576923076923,0.8346153846153848,3.8809615384615386,79688.75,1.3588461538461538,0.7245999999999999,220.8325,104.2428846153846,1.2259615384615383,13.50189655172414,-0.0501724137931034,-39.0
2024-05-16 05:00:00,2024.0,137.0,5.0,6.755862068965516,-4.851034482758621,1.4536206896551724,-3.657413793103448,-3.2734482758620693,421.6479166666666,23.977083333333336,16.3,4.6875,75254.5625,1.6858333333333333,1.5070212765957447,220.875625,104.24916666666668,1.244375,13.01793103448276,-0.3979310344827586,-29.0
2024-05-16 06:00:00,2024.0,137.0,6.0,11.549333333333331,-3.6125,3.924833333333333,-1.4246666666666667,-0.7588333333333334,448.2361702127659,10.763829787234044,30.83404255319149,14.364893617021275,78972.85106382979,5.9825531914893615,-0.0480851063829787,220.9397872340425,104.26212765957446,1.2668085106382978,11.1485,-0.863,-37.0
2024-05-16 07:00:00,2024.0,137.0,7.0,13.181,-4.394833333333334,4.5008333333333335,-3.603333333333333,-2.9661666666666666,462.52653061224487,19.3,41.291836734693874,23.856326530612247,134045.44897959183,10.21122448979592,1.1257142857142857,220.9930612244898,104.27428571428572,1.2885714285714285,9.718666666666667,-0.9186666666666666,-32.0
2024-05-16 08:00:00,2024.0,137.0,8.0,12.216964285714283,-6.178928571428571,3.683928571428571,-7.912321428571428,-7.480357142857143,452.9558823529412,19.33529411764706,50.82647058823529,23.70176470588236,143759.35294117648,9.72470588235294,3.499090909090909,221.0297058823529,104.28058823529412,1.3017647058823532,9.428035714285716,-1.0644642857142856,-38.0
2024-05-16 09:00:00,2024.0,137.0,9.0,11.445344827586208,-3.9305172413793104,2.643965517241379,-8.601896551724138,-8.366206896551724,458.69756097560975,9.336585365853658,53.71463414634147,21.42292682926829,136383.92682926828,9.026341463414632,3.5905,221.0692682926829,104.29024390243904,1.3202439024390245,9.472586206896551,-1.1205172413793103,-74.0
2024-05-16 10:00:00,2024.0,137.0,10.0,7.034166666666667,0.0423333333333333,1.1506666666666667,-1.6393333333333333,-1.5555,459.7851851851852,16.996296296296297,23.072222222222223,31.789074074074072,83062.5,13.416851851851852,0.8933333333333332,221.12888888888887,104.30092592592592,1.34,9.558166666666668,-0.4905,-82.0
2024-05-16 11:00:00,2024.0,137.0,11.0,4.551,0.0076666666666666,-0.022,2.2338333333333336,2.2278333333333333,456.5173913043478,18.88695652173913,2.9086956521739125,34.23456521739131,54485.434782608696,14.283260869565217,-1.1189130434782608,221.16434782608687,104.3041304347826,1.3573913043478265,9.782166666666663,-0.1105,-73.0
2024-05-16 12:00:00,2024.0,137.0,12.0,6.0,-0.7466666666666666,0.425,3.083333333333333,3.1175,453.4061224489796,3.1918367346938776,15.348979591836736,24.535918367346937,48765.5918367347,10.214285714285714,-1.6291836734693876,221.2220408163265,104.31551020408163,1.3785714285714286,10.518166666666668,-0.3601666666666666,-63.0
2024-05-16 13:00:00,2024.0,137.0,13.0,9.57851851851852,-0.3218518518518518,3.137407407407407,9.037407407407407,9.30111111111111,440.54545454545456,11.409090909090908,20.20909090909091,11.661818181818182,38633.63636363636,4.526363636363636,-4.096666666666667,221.25272727272724,104.32,1.389090909090909,11.85925925925926,-0.5507407407407408,-73.0
2024-05-16 14:00:00,2024.0,137.0,14.0,9.351951219512197,-0.2956097560975609,0.9465853658536586,8.992682926829268,9.02390243902439,439.4030303030303,7.333333333333333,17.53030303030303,10.446363636363635,36493.969696969696,4.034545454545455,-3.9733333333333336,221.28272727272727,104.32636363636364,1.4012121212121211,12.134634146341464,-0.4868292682926829,-71.0
2024-05-16 15:00:00,2024.0,137.0,15.0,9.046,1.7265,-0.5665,8.218,7.983166666666666,420.7394736842105,9.126315789473685,11.515789473684212,8.862894736842106,45996.63157894737,3.125263157894737,-3.4494736842105267,221.3297368421053,104.33447368421052,1.421578947368421,12.771333333333333,-0.3133333333333333,-73.0
2024-05-16 16:00:00,2024.0,137.0,16.0,8.008035714285715,4.116071428571429,-0.3417857142857143,6.141428571428572,5.908571428571428,412.22758620689655,2.975862068965517,0.8620689655172413,10.463448275862069,73743.5172413793,3.55896551724138,-2.338620689655172,221.35172413793103,104.33793103448276,1.4286206896551723,12.444464285714286,-0.1978571428571428,-69.0
2024-05-16 17:00:00,2024.0,137.0,17.0,8.36593220338983,2.137627118644068,-2.686271186440678,7.532033898305085,6.5416949152542365,407.54857142857145,3.4,9.51142857142857,8.156857142857143,65539.82857142857,2.714,-2.6477142857142857,221.42,104.34485714285717,1.4554285714285713,12.961694915254238,-0.4142372881355932,-68.0
2024-05-16 18:00:00,2024.0,137.0,18.0,7.625500000000001,3.432,-1.11,5.642833333333333,5.053,402.0720930232558,11.395348837209305,2.588372093023256,8.182790697674418,87606.41860465116,2.6404651162790698,-2.05093023255814,221.46093023255813,104.34953488372092,1.4709302325581397,12.975666666666664,-0.2011666666666666,-64.0
2024-05-16 19:00:00,2024.0,137.0,19.0,7.301111111111111,3.327407407407408,1.6983333333333333,3.452962962962963,3.805925925925926,402.2862068965517,19.986206896551725,-7.958620689655172,8.565517241379311,89807.24137931035,2.766896551724138,-1.1971428571428573,221.5158620689656,104.36,1.4944827586206897,12.641296296296296,0.1242592592592592,-58.0
2024-05-16 20:00:00,2024.0,137.0,20.0,7.722833333333333,2.9256666666666664,2.1416666666666666,5.694166666666666,6.096666666666667,394.0833333333333,18.4,-10.629166666666666,8.28625,63590.91666666666,2.5695833333333336,-2.3316666666666666,221.57,104.36,1.5175,12.897833333333333,0.1608333333333333,-54.0
2024-05-16 21:00:00,2024.0,137.0,21.0,7.498,4.617999999999999,5.010833333333333,2.8631666666666664,4.583833333333334,385.59411764705885,20.25588235294118,-16.264705882352942,7.555882352941175,53668.55882352941,2.2479411764705883,-1.7197058823529412,221.60323529411767,104.3679411764706,1.526764705882353,13.044166666666666,0.5698333333333333,-52.0
2024-05-16 22:00:00,2024.0,137.0,22.0,7.656499999999999,4.680666666666666,5.940666666666667,0.9943333333333334,3.251333333333333,385.06944444444446,21.405555555555555,-9.413888888888888,6.741111111111112,52979.05555555556,1.9986111111111111,-1.2425,221.64138888888888,104.37,1.5422222222222224,13.308333333333334,0.3345,-51.0
2024-05-16 23:00:00,2024.0,137.0,23.0,7.159666666666666,2.9761666666666664,6.3693333333333335,0.4343333333333333,2.875833333333333,384.3545454545454,21.495454545454542,-13.954545454545457,7.675,52127.31818181818,2.2627272727272727,-1.1104545454545454,221.6740909090909,104.37340909090908,1.554545454545455,12.960333333333333,0.4821666666666667,-49.0
2024-05-17 00:00:00,2024.0,138.0,0.0,7.556949152542373,3.479661016949153,6.182881355932204,1.4742372881355932,3.6761016949152543,379.1235294117647,21.152941176470588,-9.798039215686272,8.786078431372548,62871.56862745098,2.5252941176470585,-1.4853999999999998,221.7149019607843,104.38,1.5698039215686277,12.847457627118644,0.3354237288135593,-51.0
2024-05-17 01:00:00,2024.0,138.0,1.0,8.546271186440679,3.9215254237288137,7.50728813559322,-0.2579661016949152,2.3964406779661016,377.0191489361703,19.138297872340427,-9.174468085106383,7.837872340425532,47292.68085106383,2.2248936170212765,-0.8997872340425531,221.76191489361705,104.38191489361702,1.5876595744680853,13.080338983050847,0.3108474576271186,-52.0
2024-05-17 02:00:00,2024.0,138.0,2.0,8.526333333333334,4.059166666666667,7.175666666666667,0.7583333333333333,3.0111666666666665,380.9019230769231,20.89038461538461,-5.963461538461539,8.160769230769231,62340.53846153846,2.367692307692308,-1.1767307692307691,221.80884615384613,104.39,1.6061538461538465,12.983333333333333,0.2111666666666666,-51.0
2024-05-17 03:00:00,2024.0,138.0,3.0,9.104,3.514333333333333,5.543333333333334,0.092,1.7005,386.483870967742,14.26774193548387,-10.49032258064516,7.851612903225806,52767.22580645161,2.3451612903225807,-0.3493548387096774,221.8454838709677,104.39,1.620322580645161,12.902,0.1476666666666666,-50.0
2024-05-17 04:00:00,2024.0,138.0,4.0,8.514074074074074,-1.2637037037037036,-3.178148148148148,7.628888888888889,6.621666666666666,401.4194444444445,-4.597222222222222,7.730555555555556,8.300555555555555,94295.97222222222,2.685833333333333,-2.705142857142857,221.88861111111112,104.39305555555556,1.638611111111111,13.104814814814814,-0.2522222222222222,-43.0
2024-05-17 05:00:00,2024.0,138.0,5.0,8.080499999999999,2.804666666666667,5.163166666666667,-0.9746666666666666,0.0646666666666666,396.7369565217392,1.5521739130434784,-0.3108695652173914,10.788913043478262,105471.89130434782,3.3978260869565218,-0.0578260869565217,221.93804347826085,104.4,1.6576086956521738,11.97,-0.0126666666666666,-37.0
2024-05-17 06:00:00,2024.0,138.0,6.0,9.622000000000002,5.055833333333334,7.375,3.1608333333333336,4.316333333333334,390.8537037037037,17.13888888888889,5.224074074074075,9.14537037037037,107309.5925925926,2.795,-1.6364814814814816,221.98166666666668,104.4,1.6737037037037037,12.841333333333331,-0.1393333333333333,-39.0
2024-05-17 07:00:00,2024.0,138.0,7.0,10.089333333333334,4.737,4.941999999999999,7.351,7.919333333333333,386.4236842105264,25.655263157894737,-1.9078947368421053,7.902894736842105,83655.42105263157,2.358421052631579,-3.083684210526316,222.02447368421053,104.4,1.6876315789473684,13.213166666666666,0.0886666666666666,-34.0
2024-05-17 08:00:00,2024.0,138.0,8.0,9.865166666666664,3.3516666666666666,1.4536666666666669,8.6435,8.749166666666667,381.1536585365853,19.634146341463413,7.295121951219513,8.402682926829268,72216.36585365854,2.440243902439024,-3.3653658536585365,222.05853658536583,104.40000000000002,1.7014634146341463,13.2815,-0.2526666666666666,-31.0
2024-05-17 09:00:00,2024.0,138.0,9.0,8.937758620689655,2.0318965517241376,2.345344827586207,8.183793103448277,8.332931034482758,386.7,23.66,11.8475,7.29225,56250.15,2.1855,-3.221794871794872,222.11425,104.40725,1.7205,13.377931034482758,-0.4558620689655173,-30.0
2024-05-17 10:00:00,2024.0,138.0,10.0,8.153272727272727,2.5380000000000003,4.581636363636364,6.070181818181818,6.348363636363636,384.6108695652173,30.347826086956523,4.441304347826088,8.096739130434782,55080.54347826087,2.393913043478261,-2.368,222.1617391304348,104.4067391304348,1.7426086956521738,13.049636363636363,-0.1665454545454545,-30.0
2024-05-17 11:00:00,2024.0,138.0,11.0,7.8028571428571425,2.064107142857143,4.256964285714286,6.0683928571428565,6.325892857142857,383.59117647058827,31.935294117647057,7.032352941176471,7.479117647058823,41204.73529411765,2.2005882352941177,-2.4155882352941176,222.205,104.41,1.7555882352941177,13.106428571428571,-0.19,-34.0
2024-05-17 12:00:00,2024.0,138.0,12.0,7.8725,1.939,6.4656666666666665,2.411666666666666,2.8885,388.625,32.03409090909091,-5.4363636363636365,4.903409090909091,58569.25,1.4856818181818183,-1.0345454545454549,222.23840909090907,104.41,1.7704545454545455,14.83,0.2405,-40.0
2024-05-17 13:00:00,2024.0,138.0,13.0,10.9595,-0.0733333333333333,6.0095,4.199166666666667,4.725833333333333,447.584,15.934,-2.82,8.9658,119894.0,3.7226,-2.4012,222.285,104.41,1.787,12.461,0.0366666666666666,-28.0
2024-05-17 14:00:00,2024.0,138.0,14.0,15.693666666666669,-0.4364999999999999,-13.976833333333332,6.087666666666666,4.2095,472.0375,-13.404166666666669,-26.175,7.917083333333333,166346.39583333334,3.5329166666666665,-1.9004166666666664,222.329375,104.41,1.8016666666666667,12.912833333333332,0.7051666666666667,-23.0
2024-05-17 15:00:00,2024.0,138.0,15.0,12.683518518518518,2.884259259259259,-5.197777777777778,-8.092777777777778,-8.840185185185184,462.7181818181818,-47.30227272727273,-27.70681818181818,11.884772727272727,131445.72727272726,5.084545454545455,4.090697674418605,222.3665909090909,104.41,1.816136363636364,10.537222222222224,0.620925925925926,-21.0
2024-05-17 16:00:00,2024.0,138.0,16.0,14.013050847457627,4.264576271186441,-8.610338983050847,-8.748813559322032,-10.341525423728813,456.1813953488372,-40.68604651162791,-15.35813953488372,11.493023255813954,64615.20930232558,4.78953488372093,4.846976744186046,222.4095348837209,104.41,1.836046511627907,10.64135593220339,0.3020338983050847,-36.0
2024-05-17 17:00:00,2024.0,138.0,17.0,14.576833333333331,3.4738333333333333,1.7366666666666668,-13.705666666666668,-12.791166666666667,463.5134615384616,-37.48461538461539,-25.601923076923075,12.696538461538465,41676.269230769234,5.46076923076923,5.9236538461538455,222.45538461538465,104.41,1.8525,9.683,0.5429999999999999,-52.0
2024-05-17 18:00:00,2024.0,138.0,18.0,13.7375,4.288666666666667,-5.971,-11.0795,-12.4025,455.8462962962963,-41.26296296296296,-17.3,7.994074074074074,53793.11111111111,3.333333333333333,5.624814814814815,222.4996296296296,104.40999999999998,1.8688888888888888,10.994,0.4243333333333333,-66.0
2024-05-17 19:00:00,2024.0,138.0,19.0,12.7725,3.5073214285714287,-9.992857142857144,-1.8557142857142856,-5.128928571428571,457.00689655172414,-31.148275862068964,-18.79655172413793,6.435172413793104,95224.3448275862,2.688275862068965,3.526551724137931,222.5368965517241,104.41,1.8851724137931032,12.418571428571427,0.3953571428571428,-77.0
2024-05-17 20:00:00,2024.0,138.0,20.0,12.72457627118644,6.037966101694916,-8.964915254237287,-1.373728813559322,-4.537118644067797,450.15,-23.995238095238093,-2.626190476190476,7.024761904761905,80328.92857142857,2.8457142857142856,2.291904761904762,222.58261904761903,104.40833333333332,1.897857142857143,12.48728813559322,0.0683050847457627,-80.0
2024-05-17 21:00:00,2024.0,138.0,21.0,11.321636363636363,6.090727272727273,-4.242727272727272,-7.694545454545454,-8.735636363636365,444.7194444444444,-17.475,-29.0,7.0088888888888885,89067.19444444444,2.770833333333333,3.865142857142857,222.6225,104.40861111111111,1.9175,11.67981818181818,0.8001818181818181,-78.0
2024-05-17 22:00:00,2024.0,138.0,22.0,10.670338983050849,6.139830508474576,-6.16271186440678,-3.6486440677966105,-5.754237288135593,451.2093023255814,-5.811627906976744,-25.77674418604652,6.160697674418605,124839.86046511628,2.492093023255814,2.6116279069767443,222.6658139534884,104.40674418604652,1.9323255813953488,12.389152542372882,0.8028813559322033,-85.0
2024-05-17 23:00:00,2024.0,138.0,23.0,11.50818181818182,7.290181818181818,-7.948727272727273,-3.6347272727272726,-6.408181818181818,472.4785714285714,11.95952380952381,-29.05952380952381,3.707619047619048,154246.2142857143,1.6559523809523808,3.024878048780488,222.71119047619044,104.40976190476192,1.9454761904761904,13.576363636363638,0.8387272727272728,-88.0
2024-05-18 00:00:00,2024.0,139.0,0.0,11.400833333333331,6.909833333333333,-8.142833333333334,-3.196833333333333,-5.9735000000000005,465.23,9.11,-36.6875,3.24525,119055.95,1.4137499999999998,2.75525,222.75325,104.40125,1.961,14.063333333333333,1.1231666666666666,-82.0
2024-05-18 01:00:00,2024.0,139.0,1.0,11.855,7.326666666666667,-8.980666666666668,-1.8291666666666664,-4.812333333333333,442.4411764705882,6.401960784313726,-22.688235294117646,2.94921568627451,66791.1568627451,1.1552941176470588,2.12392156862745,222.8007843137255,104.4,1.9796078431372548,15.010333333333334,0.768,-81.0
2024-05-18 02:00:00,2024.0,139.0,2.0,11.604745762711865,7.187118644067797,-9.002542372881356,-0.6811864406779661,-3.476949152542373,422.9581395348837,25.19767441860465,-20.05116279069768,2.929767441860465,46038.51162790698,1.048139534883721,1.414186046511628,222.84511627906977,104.4,1.994651162790697,15.41084745762712,0.7535593220338983,-78.0
2024-05-18 03:00:00,2024.0,139.0,3.0,11.464,6.7175,-8.642833333333334,-2.6301666666666668,-4.9335,423.85909090909087,22.99318181818182,-23.84772727272728,3.550681818181818,39036.27272727273,1.274318181818182,1.9788636363636365,222.88204545454545,104.39522727272728,2.011363636363636,14.351666666666668,0.8398333333333333,-78.0
2024-05-18 04:00:00,2024.0,139.0,4.0,11.01686274509804,6.750392156862745,-7.964117647058824,-2.6272549019607845,-4.463137254901961,414.4894736842105,20.307894736842105,-25.542105263157897,3.655,35626.15789473684,1.2560526315789475,1.6737142857142857,222.92368421052632,104.39,2.025,14.35764705882353,0.9058823529411764,-78.0
2024-05-18 05:00:00,2024.0,139.0,5.0,10.757118644067797,7.64457627118644,-7.293220338983051,-1.683220338983051,-3.0808474576271188,410.4428571428571,22.325,-17.79642857142857,3.617142857142857,46794.357142857145,1.219642857142857,1.3717857142857142,222.95428571428573,104.39,2.0375,14.515084745762712,0.6823728813559322,-72.0
2024-05-18 06:00:00,2024.0,139.0,6.0,10.458983050847458,7.611525423728813,-6.643220338983051,-2.2386440677966104,-3.2489830508474578,413.0888888888889,24.7,-10.116666666666664,4.245,39948.42592592593,1.4485185185185183,1.3437735849056605,223.00833333333333,104.38648148148148,2.057962962962963,13.920338983050849,0.3216949152542372,-69.0
2024-05-18 07:00:00,2024.0,139.0,7.0,9.944905660377358,7.860188679245282,-4.540566037735849,-3.718490566037736,-4.249622641509434,405.45714285714286,24.61428571428572,-8.471428571428572,4.790952380952381,35563.619047619046,1.5747619047619048,1.7244444444444444,223.0590476190476,104.38095238095238,2.078095238095238,13.37,0.2711320754716981,-66.0
2024-05-18 08:00:00,2024.0,139.0,8.0,9.64232142857143,7.024821428571428,-2.049107142857143,-5.70375,-5.872142857142856,408.62,30.66,-10.588,4.9524,35878.64,1.6556,2.533478260869565,223.092,104.38,2.09,12.899107142857144,0.2944642857142857,-62.0
2024-05-18 09:00:00,2024.0,139.0,9.0,8.7705,7.0520000000000005,-0.8684999999999999,-4.4285,-4.4785,403.97291666666666,24.822916666666668,-4.320833333333334,4.589375,32605.6875,1.4977083333333334,1.7458333333333331,223.1433333333333,104.37520833333332,2.107291666666667,13.1625,0.1335,-62.0
2024-05-18 10:00:00,2024.0,139.0,10.0,7.440689655172414,4.266034482758621,1.3448275862068966,-4.525862068965517,-4.44,410.1486486486487,22.497297297297298,-5.75945945945946,4.247837837837838,28383.18918918919,1.43,1.8036111111111108,223.19351351351352,104.37,2.1243243243243244,13.153965517241378,0.1106896551724137,-67.0
2024-05-18 11:00:00,2024.0,139.0,11.0,6.69734693877551,1.8018367346938773,0.9444897959183672,-3.8457142857142856,-3.783877551020408,412.7594594594595,7.478378378378378,7.218918918918919,5.642162162162162,30851.43243243244,1.921081081081081,1.544864864864865,223.2381081081081,104.36810810810812,2.143513513513513,12.790204081632654,-0.1853061224489796,-68.0
2024-05-18 12:00:00,2024.0,139.0,12.0,6.069215686274509,-1.2023529411764706,3.853921568627451,-4.328235294117647,-4.050196078431372,412.62432432432433,6.624324324324324,2.1243243243243244,7.097297297297298,20286.91891891892,2.4148648648648647,1.6445714285714286,223.2897297297297,104.36,2.1567567567567565,12.179411764705884,-0.054313725490196,-65.0
2024-05-18 13:00:00,2024.0,139.0,13.0,5.674905660377358,-1.5267924528301886,4.015849056603773,-3.600188679245283,-3.2271698113207545,413.2916666666667,7.441666666666666,-0.4041666666666668,5.793333333333333,25095.20833333333,1.9775,1.41,223.31041666666667,104.36,2.16375,12.706037735849057,0.100188679245283,-63.0
2024-05-18 14:00:00,2024.0,139.0,14.0,4.988666666666666,-3.725,2.792666666666667,-1.5603333333333331,-1.2048333333333334,408.6375,30.75,-26.5525,5.727,41099.7,1.91475,0.44525,223.33425000000005,104.359,2.17575,12.877333333333333,0.8266666666666667,-62.0
2024-05-18 15:00:00,2024.0,139.0,15.0,5.280344827586207,-4.2684482758620685,2.53396551724138,-1.5824137931034483,-1.1468965517241378,406.7520833333333,25.160416666666663,-22.45,5.153125,24384.916666666668,1.706041666666667,0.5004166666666666,223.37354166666668,104.34999999999998,2.193125,13.122068965517242,0.746551724137931,-62.0
2024-05-18 16:00:00,2024.0,139.0,16.0,5.86864406779661,-4.265593220338983,3.7579661016949153,-0.9228813559322034,-0.1125423728813559,403.568,18.734,-16.374000000000002,5.5098,27178.84,1.796,0.0467999999999999,223.44,104.341,2.2192000000000003,13.190338983050848,0.5016949152542373,-58.0
2024-05-18 17:00:00,2024.0,139.0,17.0,6.1675,-5.0885,3.2863333333333333,0.1438333333333333,0.9695,401.3770833333333,16.087500000000002,-17.08125,5.709583333333334,22923.58333333333,1.8385416666666667,-0.3995833333333333,223.4970833333333,104.33291666666666,2.2358333333333333,13.283666666666669,0.5651666666666666,-54.0
2024-05-18 18:00:00,2024.0,139.0,18.0,6.254333333333333,-3.4896666666666665,4.977166666666666,0.0973333333333333,1.5758333333333332,406.6446808510638,4.095744680851064,-9.480851063829787,5.554468085106383,20153.340425531915,1.8376595744680853,-0.6253191489361702,223.5621276595745,104.32574468085106,2.2612765957446808,13.332166666666666,0.327,-53.0
2024-05-18 19:00:00,2024.0,139.0,19.0,5.92,-3.770169491525424,3.967966101694916,-1.7059322033898303,-0.2879661016949152,402.2,4.408888888888889,-1.948888888888889,5.232,20688.244444444445,1.6917777777777776,0.0095555555555555,223.6008888888889,104.3191111111111,2.275777777777778,13.239661016949151,0.0647457627118644,-49.0
2024-05-18 20:00:00,2024.0,139.0,20.0,5.820666666666667,-3.4993333333333334,4.428,-0.8971666666666667,0.759,400.19821428571424,-0.7142857142857143,-0.1607142857142856,4.689821428571428,21004.17857142857,1.5023214285714286,-0.3041071428571428,223.645,104.31000000000002,2.29,13.6695,0.0131666666666666,-45.0
2024-05-18 21:00:00,2024.0,139.0,21.0,5.607833333333334,-3.1255,4.526333333333333,-0.872,0.8995,396.2576923076923,-4.634615384615385,-0.3826923076923077,4.67076923076923,21890.346153846152,1.4671153846153848,-0.3401923076923077,223.6992307692308,104.30403846153848,2.3059615384615384,13.738166666666666,0.0253333333333333,-38.0
2024-05-18 22:00:00,2024.0,139.0,22.0,5.562666666666667,-3.3565,4.1285,-1.5655,0.1353333333333333,391.9022727272728,-3.475,-0.384090909090909,4.5443181818181815,19444.11363636364,1.3956818181818182,-0.0420454545454545,223.74068181818183,104.29954545454548,2.3234090909090908,13.696833333333332,0.01,-33.0
2024-05-18 23:00:00,2024.0,139.0,23.0,5.484166666666667,-3.167666666666667,4.316833333333333,-1.0135,0.6950000000000001,390.8541666666667,-4.020833333333333,-1.3958333333333333,4.312291666666667,18709.625,1.318125,-0.260625,223.7970833333333,104.28854166666667,2.3439583333333336,13.935,0.0508333333333333,-34.0
2024-05-19 00:00:00,2024.0,140.0,0.0,5.4435,-3.2431666666666668,4.190666666666667,-1.155,0.4485,388.7021276595744,-3.368085106382979,-1.3148936170212766,4.327446808510638,18973.44680851064,1.3065957446808512,-0.1623404255319148,223.83617021276595,104.28,2.36,13.925333333333333,0.052,-35.0
2024-05-19 01:00:00,2024.0,140.0,1.0,5.642666666666667,-2.8103333333333333,3.867166666666667,-2.5463333333333336,-1.0784999999999998,389.6340425531915,-0.148936170212766,6.525531914893617,4.868510638297872,20613.531914893618,1.4785106382978723,0.3842553191489361,223.8940425531915,104.27127659574468,2.378936170212766,13.436166666666669,-0.243,-32.0
2024-05-19 02:00:00,2024.0,140.0,2.0,5.974833333333334,-3.574,3.524833333333333,-3.0661666666666667,-1.826,385.0675675675676,1.7405405405405403,8.610810810810811,5.069459459459459,22423.486486486487,1.502972972972973,0.6921621621621622,223.95,104.26,2.398378378378378,13.349166666666669,-0.2848333333333333,-34.0
2024-05-19 03:00:00,2024.0,140.0,3.0,6.040545454545454,-5.212727272727273,0.5136363636363637,-2.461818181818182,-2.2152727272727275,383.1473684210527,9.821052631578947,-0.5763157894736842,7.267631578947369,29538.02631578948,2.142105263157895,0.8386842105263158,224.00078947368425,104.24894736842106,2.4160526315789475,12.641636363636364,0.0425454545454545,-37.0
2024-05-19 04:00:00,2024.0,140.0,4.0,7.652372881355932,-6.586440677966102,1.4915254237288136,-3.305084745762712,-2.8783050847457625,394.83478260869566,11.495652173913042,-0.9304347826086956,10.29782608695652,45478.30434782609,3.238260869565217,1.0982608695652174,224.0213043478261,104.24434782608697,2.4256521739130434,11.649661016949151,0.0094915254237288,-39.0
2024-05-19 05:00:00,2024.0,140.0,5.0,7.784666666666666,-6.601666666666668,3.3235,-2.2896666666666667,-1.6171666666666666,389.8071428571429,-1.0428571428571427,-5.882142857142857,10.488928571428572,45843.67857142857,3.198571428571429,0.6128571428571429,224.0517857142857,104.24,2.435714285714286,12.0675,0.1968333333333333,-42.0
2024-05-19 06:00:00,2024.0,140.0,6.0,7.253620689655172,-5.941896551724138,3.3608620689655173,-2.29,-1.7577586206896552,389.59,0.57,-5.68,8.737,39222.8,2.653,0.799,224.076,104.232,2.444,12.27948275862069,0.2296551724137931,-39.0
2024-05-19 07:00:00,2024.0,140.0,7.0,7.074285714285715,-5.585178571428571,3.613392857142857,-2.3155357142857143,-1.893392857142857,375.8975,5.49,-6.765000000000001,7.858750000000001,42016.7,2.22275,0.74,224.13450000000003,104.221,2.4635,12.645,0.2457142857142857,-37.0
2024-05-19 08:00:00,2024.0,140.0,8.0,7.4,-5.277777777777778,4.680925925925926,-2.1531481481481483,-1.7561111111111112,370.5916666666667,5.420833333333333,-10.1,7.767916666666667,49042.41666666666,2.1366666666666667,0.6554545454545454,224.18291666666667,104.21,2.48,12.87388888888889,0.3577777777777778,-35.0
2024-05-19 09:00:00,2024.0,140.0,9.0,7.601,-5.3340000000000005,4.850666666666667,-1.7865,-1.479666666666667,374.0833333333333,-2.627083333333333,-4.335416666666666,7.622708333333333,24556.1875,2.13625,0.5764583333333334,224.2204166666667,104.20416666666668,2.49375,12.914833333333332,0.1653333333333333,-32.0
2024-05-19 10:00:00,2024.0,140.0,10.0,7.261333333333334,-3.5275000000000003,6.017,-1.6645,-1.3543333333333334,384.4122448979592,-4.559183673469388,3.424489795918368,9.664489795918367,21972.0612244898,2.860204081632653,0.5042857142857143,224.29877551020408,104.18897959183674,2.5202040816326527,12.3495,-0.1228333333333333,-24.0
2024-05-19 11:00:00,2024.0,140.0,11.0,8.7485,-2.9505,7.265166666666666,-2.135166666666667,-1.7643333333333333,394.46530612244896,8.034693877551021,-10.416326530612244,6.291836734693878,25190.48979591837,1.953061224489796,0.6387755102040816,224.34632653061223,104.17285714285715,2.537551020408164,13.150333333333332,0.3538333333333333,-26.0
2024-05-19 12:00:00,2024.0,140.0,12.0,8.881333333333334,-3.2478333333333333,7.081166666666666,-0.5738333333333333,-0.1379999999999999,399.13125,2.747916666666667,-27.510416666666668,5.175,32840.520833333336,1.6449999999999998,0.0197916666666666,224.39541666666665,104.1675,2.5547916666666666,13.576166666666667,0.9416666666666668,-25.0
2024-05-19 13:00:00,2024.0,140.0,13.0,8.841000000000001,-3.611166666666667,5.682833333333334,-5.1345,-4.6365,400.2477272727273,14.002272727272729,-2.6045454545454545,4.198636363636364,21753.636363636364,1.3488636363636364,1.9870454545454548,224.44590909090903,104.1518181818182,2.5725,13.759666666666668,0.2031666666666666,-24.0
2024-05-19 14:00:00,2024.0,140.0,14.0,9.31593220338983,-2.532542372881356,6.984237288135593,-5.251864406779661,-4.393220338983051,401.98,6.3725000000000005,3.225,3.43425,25800.5,1.111,1.7043589743589744,224.4885,104.1415,2.586,14.079661016949151,-0.1547457627118643,-27.0
2024-05-19 15:00:00,2024.0,140.0,15.0,9.473833333333332,-1.763,7.955833333333333,-4.614833333333333,-3.2958333333333334,394.90625,-1.5145833333333334,5.5125,3.978541666666666,21648.70833333333,1.2404166666666667,1.3202083333333332,224.5452083333333,104.12583333333332,2.6097916666666667,13.915166666666666,-0.2133333333333333,-33.0
2024-05-19 16:00:00,2024.0,140.0,16.0,9.347166666666668,-1.1945,8.672500000000001,-2.939833333333333,-1.1164999999999998,394.962,-11.58,0.992,4.673,23375.62,1.4580000000000002,0.4374,224.59940000000003,104.1134,2.6266,13.820833333333333,-0.0228333333333333,-34.0
2024-05-19 17:00:00,2024.0,140.0,17.0,9.20813559322034,-1.5277966101694915,8.795593220338985,-2.056101694915254,0.2010169491525423,393.08918918918914,-13.486486486486486,-1.6891891891891893,4.735135135135136,23279.486486486487,1.462162162162162,-0.055,224.6397297297297,104.10216216216216,2.6408108108108106,13.91457627118644,0.0535593220338983,-33.0
2024-05-19 18:00:00,2024.0,140.0,18.0,8.986666666666668,-1.6913333333333334,8.632833333333334,-1.471,1.1118333333333332,391.0545454545455,-17.505454545454544,-1.561818181818182,4.940181818181818,24336.636363636364,1.5114545454545454,-0.4289090909090909,224.6841818181818,104.09054545454546,2.655636363636364,13.9385,0.0605,-33.0
2024-05-19 19:00:00,2024.0,140.0,19.0,7.982,0.4538333333333333,6.909833333333333,2.55,4.657,392.38909090909095,-13.78,-12.74181818181818,7.479818181818182,35823.07272727273,2.316727272727273,-1.8674545454545453,224.732,104.0790909090909,2.6743636363636365,13.21,0.4206666666666667,-28.0
2024-05-19 20:00:00,2024.0,140.0,20.0,5.8870000000000005,0.9321666666666668,5.044333333333333,2.572666666666667,4.1945,397.00784313725495,7.027450980392157,-18.87254901960784,13.661764705882351,48379.60784313725,4.308039215686275,-1.674705882352941,224.7745098039216,104.06235294117648,2.6890196078431376,11.793333333333331,0.5558333333333334,-16.0
2024-05-19 21:00:00,2024.0,140.0,21.0,4.589333333333333,0.2102222222222222,3.626888888888889,2.695777777777778,3.849111111111111,406.2655172413793,5.748275862068965,-25.148275862068964,15.832413793103449,49679.137931034486,5.235517241379311,-1.4657142857142855,224.8062068965517,104.05586206896552,2.7,11.45911111111111,0.6931111111111111,-14.0
2024-05-19 22:00:00,2024.0,140.0,22.0,5.916607142857143,2.506428571428572,1.7376785714285714,3.940714285714286,4.304107142857143,404.05555555555554,6.944444444444445,-19.70888888888889,11.553333333333333,57256.28888888889,3.756222222222222,-1.6833333333333331,224.8548888888889,104.04444444444444,2.714888888888889,12.0625,0.5939285714285714,-12.0
2024-05-19 23:00:00,2024.0,140.0,23.0,8.017636363636365,5.258181818181818,0.4614545454545454,5.8883636363636365,5.63709090909091,413.684375,13.890625,-20.55625,6.6784375,79924.3125,2.2840625,-2.3190625,224.9071875,104.02875,2.7315625,13.098545454545452,0.7030909090909091,-12.0
2024-05-20 00:00:00,2024.0,141.0,0.0,8.410833333333333,1.1875,5.724833333333334,5.565666666666667,7.242333333333334,388.0204545454546,-12.840909090909092,-21.09318181818182,5.5838636363636365,42642.75,1.6875,-2.838409090909091,224.95318181818183,104.01590909090908,2.750454545454545,14.156166666666667,0.7916666666666666,-14.0
2024-05-20 01:00:00,2024.0,141.0,1.0,9.0615,-0.6386666666666667,7.646333333333333,4.4585,6.754666666666666,371.60652173913047,-27.282608695652176,-17.628260869565217,4.576086956521739,30455.695652173912,1.2643478260869565,-2.4593478260869563,225.0178260869565,103.99608695652174,2.770652173913044,14.815833333333334,0.7045,-15.0
2024-05-20 02:00:00,2024.0,141.0,2.0,8.156101694915254,0.1259322033898305,6.802033898305084,3.445084745762712,5.352881355932204,378.7659574468085,-16.127659574468087,-19.848936170212767,4.7004255319148935,36870.44680851064,1.3493617021276596,-2.008297872340425,225.0727659574468,103.98127659574467,2.788723404255319,14.430338983050849,0.7557627118644067,-14.0
2024-05-20 03:00:00,2024.0,141.0,3.0,7.554915254237288,-0.063728813559322,6.366440677966102,-1.3183050847457627,0.4271186440677966,383.9307692307693,-18.40576923076923,0.1269230769230772,4.505384615384616,39271.57692307692,1.3276923076923075,-0.1528846153846154,225.11461538461532,103.9673076923077,2.8028846153846154,13.960677966101692,0.0225423728813559,-20.0
2024-05-20 04:00:00,2024.0,141.0,4.0,5.380000000000001,-0.9567241379310344,1.8248275862068968,-0.4512068965517242,-0.0134482758620689,384.26,-4.025,-9.5175,7.6235,62042.575,2.27975,-0.0344736842105263,225.15925,103.95275,2.8195,12.938620689655174,0.3370689655172414,-22.0
2024-05-20 05:00:00,2024.0,141.0,5.0,4.923166666666666,1.0955,-3.3266666666666667,-2.951,-3.5106666666666664,394.9269230769231,7.655769230769231,-10.959615384615384,11.204423076923076,50805.019230769234,3.5084615384615385,1.3859615384615382,225.20442307692304,103.93653846153846,2.836153846153846,11.677,0.3341666666666666,-19.0
2024-05-20 06:00:00,2024.0,141.0,6.0,3.951333333333333,-0.3835,-3.1503333333333337,-0.8121666666666666,-1.2615,395.8905660377359,3.2471698113207546,-12.913207547169812,11.951132075471698,45354.20754716981,3.743962264150944,0.4966037735849056,225.2649056603773,103.9164150943396,2.8560377358490565,11.841166666666668,0.3884999999999999,-20.0
2024-05-20 07:00:00,2024.0,141.0,7.0,2.4628333333333337,-0.6313333333333334,-1.8423333333333327,-0.5383333333333333,-0.728,399.7863636363636,1.1295454545454546,-13.35,10.94340909090909,60978.56818181818,3.496818181818182,0.2661363636363636,225.31340909090903,103.90204545454544,2.8725,12.011,0.3955,-34.0
2024-05-20 08:00:00,2024.0,141.0,8.0,3.216,-1.793111111111111,-0.5488888888888889,-0.178,-0.2337777777777777,389.9352941176471,-7.258823529411765,-16.86470588235294,9.181176470588236,60830.76470588235,2.81,0.1321428571428571,225.32941176470587,103.89529411764704,2.88,12.561555555555556,0.5782222222222222,-29.0
2024-05-20 09:00:00,2024.0,141.0,9.0,6.1552500000000006,-5.4597500000000005,2.63,0.675,0.8162499999999999,360.648,-22.32,-25.244,4.378,33682.08,1.142,-0.4213043478260869,225.3572,103.8908,2.8888,14.3385,1.0105,-24.0
2024-05-20 10:00:00,2024.0,141.0,10.0,6.732333333333333,-5.454833333333334,3.7988333333333335,0.4316666666666666,0.6018333333333333,361.7477272727273,-20.11818181818182,-26.18409090909091,4.855227272727273,36654.61363636364,1.2715909090909092,-0.2238636363636363,225.4265909090909,103.86363636363636,2.911818181818182,14.275666666666666,1.0450000000000002,-28.0
2024-05-20 11:00:00,2024.0,141.0,11.0,6.995172413793104,-5.526379310344828,3.9991379310344826,1.2387931034482758,1.416206896551724,360.6111111111111,-20.135555555555555,-32.193333333333335,5.012,29876.777777777777,1.304,-0.5072727272727273,225.46911111111112,103.84977777777776,2.924888888888889,14.283793103448277,1.283793103448276,-30.0
2024-05-20 12:00:00,2024.0,141.0,12.0,5.695833333333334,-3.4566666666666666,3.7776666666666654,2.198,2.4006666666666665,376.90425531914894,-10.617021276595745,-29.406382978723403,7.661063829787234,46194.255319148935,2.237234042553192,-0.8363829787234043,225.50978723404256,103.83404255319148,2.940425531914894,13.566666666666666,1.1788333333333334,-25.0
2024-05-20 13:00:00,2024.0,141.0,13.0,3.8169090909090913,-1.8389090909090908,2.5687272727272727,1.761818181818182,1.9603636363636363,386.7088235294118,3.188235294117648,-15.461764705882354,10.639117647058823,57027.55882352941,3.219705882352941,-0.6603030303030303,225.55352941176469,103.81970588235292,2.953235294117647,12.337454545454548,0.4639999999999999,-18.0
2024-05-20 14:00:00,2024.0,141.0,14.0,6.313191489361703,-2.595106382978724,0.9351063829787236,5.375531914893617,5.439574468085106,378.2975,-3.75,-21.805,5.26725,41663.925,1.52025,-2.05425,225.60925000000003,103.8,2.9712500000000004,14.257234042553192,0.8331914893617022,-21.0
2024-05-20 15:00:00,2024.0,141.0,15.0,6.015454545454546,-4.336818181818182,2.1295454545454544,-0.7561363636363635,-0.4222727272727272,368.3861111111111,-17.780555555555555,-4.344444444444445,5.126666666666667,49870.833333333336,1.3905555555555555,-0.0370588235294117,225.65833333333333,103.78361111111111,2.989166666666667,13.766363636363636,0.0438636363636363,-19.0
2024-05-20 16:00:00,2024.0,141.0,16.0,6.016315789473684,-4.602631578947369,3.1500000000000004,-0.5677192982456141,0.0775438596491228,366.6159090909091,-23.420454545454547,-10.095454545454546,5.322727272727272,58689.38636363636,1.4297727272727272,-0.0386363636363636,225.70295454545456,103.7665909090909,3.0056818181818183,13.87719298245614,0.3673684210526316,-18.0
2024-05-20 17:00:00,2024.0,141.0,17.0,6.07875,-4.356607142857143,4.085178571428572,0.4641071428571428,1.4439285714285717,366.9238095238095,-28.38809523809524,-18.633333333333333,5.363333333333333,62794.80952380953,1.4435714285714287,-0.4902564102564102,225.74642857142857,103.7504761904762,3.0195238095238093,14.014107142857142,0.765,-18.0
2024-05-20 18:00:00,2024.0,141.0,18.0,5.998666666666667,-4.441333333333334,3.4531666666666667,1.5493333333333337,2.4695,363.9911111111112,-22.293333333333333,-29.38666666666667,5.610888888888889,67380.44444444444,1.4875555555555555,-0.8724444444444444,225.8122222222222,103.7262222222222,3.041333333333333,13.946333333333332,1.1558333333333333,-16.0
2024-05-20 19:00:00,2024.0,141.0,19.0,5.992500000000001,-4.825666666666667,2.958,0.5121666666666667,1.4436666666666669,361.55740740740737,-17.396296296296295,-22.52962962962963,5.613333333333333,66202.5925925926,1.4683333333333335,-0.5094444444444445,225.8411111111111,103.71648148148148,3.05,13.902666666666669,0.8581666666666667,-13.0
2024-05-20 20:00:00,2024.0,141.0,20.0,6.003392857142857,-3.732857142857143,1.9010714285714287,2.831071428571428,3.322142857142857,374.93428571428575,-10.428571428571429,-33.111428571428576,5.236857142857143,67699.54285714286,1.4722857142857144,-1.233030303030303,225.91228571428573,103.68771428571428,3.0731428571428574,13.98607142857143,1.2792857142857144,-11.0
2024-05-20 21:00:00,2024.0,141.0,21.0,5.955789473684211,-2.245438596491228,1.669824561403509,3.532631578947368,3.894210526315789,375.81875,-8.715625,-29.203125,5.575,83051.5625,1.5790625,-1.350967741935484,225.94125,103.6775,3.0825,13.855263157894736,1.083157894736842,-9.0
2024-05-20 22:00:00,2024.0,141.0,22.0,5.826538461538462,-4.425576923076923,1.6915384615384617,0.215,0.830576923076923,367.3325,-7.3125,-14.3625,5.3295,77186.1,1.43825,-0.209,226.0045,103.653,3.1035,13.89846153846154,0.6615384615384615,-9.0
2024-05-20 23:00:00,2024.0,141.0,23.0,5.746603773584906,-3.60377358490566,1.3413207547169812,0.6324528301886793,1.080943396226415,378.7692307692308,2.326923076923077,-28.161538461538463,5.273461538461539,93007.76923076923,1.5173076923076925,-0.1495999999999999,226.04807692307693,103.6376923076923,3.119230769230769,13.78132075471698,0.9150943396226416,-13.0
2024-05-21 00:00:00,2024.0,142.0,0.0,5.806271186440678,-3.179491525423729,-1.85135593220339,2.379322033898305,1.5693220338983052,376.204,14.436,-39.738,4.9594,91877.94,1.4074,-0.6084,226.1338,103.6026,3.1464,13.93813559322034,1.257627118644068,-13.0
2024-05-21 01:00:00,2024.0,142.0,1.0,5.701499999999999,-5.084833333333333,-0.983,1.06,0.675,366.9333333333333,14.97037037037037,-30.73333333333333,5.342222222222222,91578.51851851853,1.4381481481481482,-0.3251851851851852,226.2025925925926,103.57555555555555,3.171111111111111,13.818166666666666,1.1030000000000002,-9.0
2024-05-21 02:00:00,2024.0,142.0,2.0,6.117457627118644,-6.0622033898305085,-0.1183050847457627,0.3222033898305084,0.2677966101694915,357.0173913043478,7.052173913043478,-20.94782608695652,5.499130434782609,73129.39130434782,1.4026086956521735,-0.1,226.2282608695652,103.56130434782608,3.180869565217391,13.87949152542373,0.7884745762711864,-10.0
2024-05-21 03:00:00,2024.0,142.0,3.0,6.1258333333333335,-5.373333333333333,2.6876666666666664,-0.4708333333333333,0.2385,359.2555555555556,-12.53888888888889,-14.783333333333331,5.331111111111111,70183.0,1.376111111111111,-0.0038888888888888,226.24777777777777,103.55,3.19,13.972333333333331,0.646,-13.0
2024-05-21 04:00:00,2024.0,142.0,4.0,6.445714285714285,-5.49,2.740408163265306,-0.7577551020408164,-0.1214285714285714,357.390625,-9.053125,-12.0375,5.0875,76088.75,1.3009375,0.0816666666666666,226.2853125,103.53875,3.1971875,14.072857142857144,0.4644897959183673,-13.0
2024-05-21 05:00:00,2024.0,142.0,5.0,6.415593220338983,-4.352711864406779,3.9015254237288137,-0.053728813559322,0.6393220338983051,362.5815789473684,-13.789473684210526,-11.284210526315787,4.533947368421052,82438.52631578948,1.1918421052631578,-0.0884210526315789,226.34447368421053,103.51368421052632,3.216578947368421,14.383050847457628,0.4727118644067796,-12.0
2024-05-21 06:00:00,2024.0,142.0,6.0,5.737166666666667,-3.255666666666667,4.055666666666666,-1.338666666666667,-0.7643333333333333,362.5739130434783,-22.589130434782607,-6.439130434782609,4.466086956521739,88963.82608695653,1.175,0.2673913043478261,226.40391304347827,103.48847826086956,3.237608695652174,14.2925,0.2645,-10.0
2024-05-21 07:00:00,2024.0,142.0,7.0,6.018709677419355,-3.275161290322581,4.6490322580645165,1.229354838709677,1.724516129032258,367.205,-14.645,-13.05,4.6595,105226.3,1.256,-0.5531578947368421,226.4575,103.4655,3.2535,14.37516129032258,0.5645161290322581,-11.0
2024-05-21 08:00:00,2024.0,142.0,8.0,6.137962962962963,-2.839259259259259,4.694629629629629,0.1546296296296296,0.4909259259259259,372.42777777777775,-14.72777777777778,-14.55,4.900555555555555,105291.33333333331,1.3591666666666666,-0.2830555555555555,226.50416666666663,103.44444444444444,3.27,14.09388888888889,0.5587037037037037,-9.0
2024-05-21 09:00:00,2024.0,142.0,9.0,6.190677966101695,-4.018813559322034,2.5710169491525425,-0.8528813559322034,-0.7205084745762712,367.85925925925926,-3.8296296296296295,-3.1796296296296296,5.197407407407408,115338.03703703704,1.4077777777777778,0.2643396226415094,226.5662962962963,103.41685185185186,3.288518518518518,13.902372881355932,0.2261016949152542,-7.0
2024-05-21 10:00:00,2024.0,142.0,10.0,6.3184745762711865,-4.124406779661017,1.615084745762712,-1.2018644067796609,-1.138135593220339,368.6418604651163,0.4790697674418604,-9.751162790697675,5.053720930232558,92918.67441860466,1.3790697674418604,0.5367441860465116,226.61186046511628,103.40023255813954,3.303488372093023,13.787796610169492,0.5303389830508475,-9.0
2024-05-21 11:00:00,2024.0,142.0,11.0,5.437843137254902,-2.829607843137255,1.8137254901960784,-3.143529411764706,-3.072941176470588,382.0958333333333,1.65,14.879166666666668,5.5183333333333335,133507.41666666666,1.6104166666666666,1.1760869565217391,226.6575,103.37791666666668,3.3183333333333334,13.294901960784314,-0.4774509803921569,-15.0
2024-05-21 12:00:00,2024.0,142.0,12.0,5.505666666666667,-3.1695,3.5416666666666665,0.2338333333333333,0.4098333333333333,379.1240740740741,-17.727777777777778,-15.05185185185185,5.536666666666667,137677.55555555556,1.5881481481481483,-0.1175925925925925,226.7053703703704,103.35703703703705,3.332777777777778,13.746166666666666,0.5911666666666666,-24.0
2024-05-21 13:00:00,2024.0,142.0,13.0,6.015111111111112,-3.913555555555556,1.5877777777777775,-1.072888888888889,-0.9657777777777778,370.75,-1.103846153846154,-2.8307692307692305,5.799230769230769,124270.76923076923,1.5976923076923075,0.3934782608695652,226.7676923076923,103.32884615384616,3.356923076923077,13.528,0.3377777777777778,-20.0
2024-05-21 14:00:00,2024.0,142.0,14.0,6.289666666666666,-1.8335,3.4085,-2.9763333333333337,-2.5985,387.28297872340426,-10.58936170212766,-2.480851063829788,5.568297872340425,111540.2340425532,1.671276595744681,0.833404255319149,226.8076595744681,103.3104255319149,3.3672340425531915,13.201,-0.0498333333333333,-15.0
2024-05-21 15:00:00,2024.0,142.0,15.0,6.379821428571428,-0.66625,3.5648214285714284,-4.507142857142857,-3.9344642857142857,401.66410256410256,-5.610256410256411,11.884615384615383,4.971538461538462,98717.92307692308,1.6048717948717948,1.6110526315789473,226.85743589743592,103.28820512820512,3.383589743589744,13.11357142857143,-0.3532142857142857,-12.0
2024-05-21 16:00:00,2024.0,142.0,16.0,6.311016949152543,-3.0515254237288136,4.477966101694915,0.3638983050847458,1.2091525423728815,390.6741935483871,-5.338709677419355,-9.103225806451611,4.6325806451612905,103816.09677419356,1.4125806451612903,-0.3229032258064516,226.9041935483871,103.26548387096774,3.400645161290323,13.94542372881356,0.3788135593220339,-15.0
2024-05-21 17:00:00,2024.0,142.0,17.0,6.583220338983051,-2.1222033898305086,4.761525423728814,-0.0740677966101695,1.052372881355932,404.4260869565217,-8.45217391304348,-3.669565217391305,4.077826086956522,98228.65217391304,1.3430434782608696,-0.4852173913043478,226.96478260869563,103.23347826086956,3.417826086956522,13.97457627118644,0.1022033898305084,-17.0
2024-05-21 18:00:00,2024.0,142.0,18.0,6.619322033898306,-1.7601694915254236,4.773389830508474,2.4040677966101693,3.635593220338983,404.59411764705885,-7.741176470588235,-8.611764705882353,4.079411764705882,95563.35294117648,1.337058823529412,-1.3294117647058823,227.02705882352944,103.20882352941176,3.4376470588235293,14.32271186440678,0.2240677966101695,-14.0
2024-05-21 19:00:00,2024.0,142.0,19.0,6.996037735849057,-0.3384905660377358,5.028301886792453,3.585283018867925,5.000943396226416,419.3272727272728,-27.1,-12.19090909090909,4.403636363636363,97184.54545454546,1.554545454545455,-1.319090909090909,227.07818181818183,103.18,3.455454545454545,14.126603773584906,0.6639622641509434,-9.0
2024-05-21 20:00:00,2024.0,142.0,20.0,6.8975,0.4618333333333334,6.3678333333333335,0.9111666666666668,3.046666666666667,415.6583333333333,-20.441666666666663,-7.854166666666667,4.347083333333333,98507.58333333331,1.507083333333333,-1.20625,227.1370833333333,103.15,3.4745833333333334,14.109333333333332,0.3101666666666666,-9.0
2024-05-21 21:00:00,2024.0,142.0,21.0,6.849285714285714,0.91875,5.898928571428571,-0.4098214285714286,1.7489285714285714,409.275,-17.575,-10.508333333333333,4.7325,106060.08333333331,1.5883333333333336,-1.2466666666666668,227.16916666666663,103.1375,3.486666666666667,13.735535714285716,0.2528571428571428,-12.0
2024-05-21 22:00:00,2024.0,142.0,22.0,6.678813559322034,-0.3250847457627118,5.332372881355933,-3.7433898305084745,-1.5245762711864408,395.55,-8.7875,21.925,4.4425,87882.125,1.39125,0.54875,227.22125,103.11125,3.49875,13.530338983050846,-0.5779661016949152,-13.0
2024-05-21 23:00:00,2024.0,142.0,23.0,6.767291666666666,-2.953125,2.932916666666667,4.985625,5.707291666666666,390.4666666666666,10.6,-38.708333333333336,4.310833333333334,70920.0,1.3133333333333332,-2.185,227.26416666666668,103.09083333333332,3.515,14.260208333333331,1.5222916666666666,-14.0
2024-05-22 00:00:00,2024.0,143.0,0.0,7.542916666666667,-4.690625,5.3500000000000005,1.2120833333333334,2.9825,368.1782608695653,-20.18260869565217,-8.252173913043478,4.373913043478261,55696.17391304348,1.1891304347826088,-0.9852173913043478,227.3134782608696,103.06782608695652,3.529130434782609,14.567291666666668,0.5839583333333334,-12.0
2024-05-22 01:00:00,2024.0,143.0,1.0,7.555,-4.404999999999999,5.835,-1.7999999999999998,0.265,363.9,-13.0,2.0,4.06,51232.0,1.08,-0.095,227.32,103.06,3.53,14.64,-0.0849999999999999,-12.0
2024-05-22 02:00:00,2024.0,143.0,2.0,7.0,-0.6212499999999999,5.688750000000001,-0.59375,1.0862500000000002,379.4625,-23.3875,-6.237500000000001,4.025,51942.0,1.1625,-0.4341666666666667,227.42,103.015,3.56,14.64,0.21375,-11.0
2024-05-22 03:00:00,2024.0,143.0,3.0,6.445,3.1625,5.5425,0.6125,1.9075,395.025,-33.775,-14.475,3.99,52652.0,1.245,-0.7733333333333334,227.52,102.97,3.59,14.64,0.5125,-12.0
2024-05-22 04:00:00,2024.0,143.0,4.0,6.2520338983050845,2.654576271186441,5.046779661016949,2.285593220338983,3.3186440677966105,395.25416666666666,-20.745833333333334,-26.1875,3.3808333333333334,35326.666666666664,1.0558333333333334,-1.24125,227.55375,102.945,3.6041666666666665,14.770338983050848,1.0342372881355932,-8.0
2024-05-22 05:00:00,2024.0,143.0,5.0,5.901052631578947,2.290175438596491,4.8978947368421055,1.7519298245614034,2.561578947368421,385.0076923076923,-22.21923076923077,-23.55,3.538846153846153,38548.807692307695,1.0503846153846157,-1.141923076923077,227.6026923076923,102.9219230769231,3.622692307692307,14.809122807017545,0.816140350877193,-7.0
2024-05-22 06:00:00,2024.0,143.0,6.0,5.908518518518519,2.649074074074074,4.80425925925926,0.3581481481481481,0.984074074074074,398.9375,-18.89583333333333,2.3833333333333333,3.7779166666666666,30590.0,1.20375,-0.0558333333333333,227.64666666666665,102.89833333333333,3.6329166666666666,14.38314814814815,0.0822222222222222,-6.0
2024-05-22 07:00:00,2024.0,143.0,7.0,5.972631578947368,0.3759649122807017,5.507894736842105,1.6889473684210523,2.2085964912280702,371.78,-29.372,-11.54,4.0488,26209.4,1.1216,-0.8931999999999999,227.7016,102.8688,3.6548,14.650877192982456,0.4624561403508772,-5.0
2024-05-22 08:00:00,2024.0,143.0,8.0,5.962777777777778,-0.4279629629629629,4.870185185185186,3.0905555555555555,3.402407407407407,372.5413043478261,-29.832608695652173,-18.632608695652173,4.049347826086957,26609.95652173913,1.1241304347826089,-1.2813333333333334,227.7586956521739,102.83760869565216,3.670652173913044,14.704814814814814,0.7655555555555557,-5.0
2024-05-22 09:00:00,2024.0,143.0,9.0,5.88,-1.2898305084745765,4.175762711864407,3.762203389830508,3.945593220338983,368.01666666666665,-24.53333333333333,-23.141666666666666,4.1075,27035.58333333333,1.1133333333333333,-1.4054285714285717,227.81444444444443,102.80694444444444,3.6875,14.830677966101694,0.9481355932203388,-6.0
2024-05-22 10:00:00,2024.0,143.0,10.0,5.867931034482758,-1.74,3.8586206896551727,3.677758620689655,3.802758620689655,360.16285714285715,-17.654285714285713,-18.81428571428572,3.9802857142857135,21291.94285714285,1.0334285714285716,-1.3945714285714286,227.85314285714287,102.786,3.700571428571429,14.898620689655171,0.7708620689655172,-7.0
2024-05-22 11:00:00,2024.0,143.0,11.0,5.811578947368421,-4.281052631578947,1.09,3.740526315789473,3.774736842105263,336.1,10.45,-18.15,3.675,21634.5,0.8300000000000001,-1.285,227.88,102.77,3.71,15.356842105263157,0.933684210526316,-6.0
2024-05-22 12:00:00,2024.0,143.0,12.0,5.96076923076923,-4.357115384615384,2.5288461538461537,2.6453846153846152,2.756153846153846,340.43461538461537,-4.188461538461538,-14.169230769230769,4.335769230769231,23042.115384615383,1.011923076923077,-0.9184,227.9534615384616,102.73384615384614,3.731153846153848,15.04942307692308,0.5590384615384616,-5.0
2024-05-22 13:00:00,2024.0,143.0,13.0,5.987666666666667,-3.587333333333333,2.92,3.032,3.2183333333333333,342.7888888888889,-8.264444444444443,-17.44222222222222,4.463555555555556,21849.93333333333,1.0477777777777777,-1.0515555555555556,227.97466666666668,102.72066666666667,3.737333333333333,14.825166666666666,0.772,-4.0
2024-05-22 14:00:00,2024.0,143.0,14.0,6.389666666666667,-4.277166666666667,2.683,3.491833333333333,3.737333333333333,343.0375,-3.00625,-19.934375,4.75625,23405.5625,1.1190625,-1.3071875,228.0390625,102.6865625,3.75625,14.710833333333332,0.857,-2.0
2024-05-22 15:00:00,2024.0,143.0,15.0,7.139491525423729,-3.870508474576271,3.088813559322034,4.744406779661017,5.127457627118644,353.5487804878049,-8.78048780487805,-28.47560975609756,4.449512195121951,26193.463414634145,1.1139024390243903,-1.7373170731707317,228.1017073170732,102.65097560975607,3.7763414634146337,14.73271186440678,1.2320338983050847,-1.0
2024-05-22 16:00:00,2024.0,143.0,16.0,7.314576271186441,-5.0266101694915255,0.708135593220339,4.849830508474576,4.882203389830509,350.6741935483871,3.832258064516129,-32.354838709677416,5.378709677419355,36980.6129032258,1.3183870967741935,-1.7623333333333333,228.1709677419355,102.61258064516127,3.7987096774193545,14.418135593220338,1.4250847457627118,-1.0
2024-05-22 17:00:00,2024.0,143.0,17.0,7.543333333333333,-4.161666666666666,2.108125,5.621458333333333,5.952916666666667,360.6275862068966,-0.1206896551724137,-25.2551724137931,4.757931034482758,36750.68965517241,1.2379310344827583,-2.1738461538461538,228.2296551724138,102.58172413793103,3.817586206896552,14.594791666666666,0.9952083333333334,3.0
2024-05-22 18:00:00,2024.0,143.0,18.0,8.042884615384615,-2.7569230769230773,3.729038461538461,6.543461538461538,7.318653846153846,373.9105263157895,-8.136842105263158,-21.2,4.165263157894737,33214.42105263158,1.1621052631578948,-2.725,228.2563157894737,102.57052631578946,3.82,14.973653846153846,0.7690384615384616,5.0
2024-05-22 19:00:00,2024.0,143.0,19.0,8.207543859649123,-2.947017543859649,3.9133333333333336,6.38140350877193,7.27578947368421,377.09183673469386,-10.475510204081631,-11.416326530612244,3.63061224489796,34218.61224489796,1.0279591836734694,-2.7447916666666665,228.3130612244898,102.5361224489796,3.843265306122449,15.326491228070177,0.5329824561403509,6.0
2024-05-22 20:00:00,2024.0,143.0,20.0,7.8887179487179475,-2.4064102564102563,3.146410256410256,6.73,7.394615384615384,373.5533333333333,-8.373333333333333,-28.25333333333333,4.63,32080.2,1.288,-2.779166666666667,228.32666666666668,102.52333333333333,3.8486666666666665,14.540512820512822,1.244871794871795,8.0
2024-05-22 21:00:00,2024.0,143.0,21.0,7.4625,-2.9066666666666667,4.405,4.590999999999999,5.8545,368.9205882352941,-21.302941176470583,-11.011764705882351,5.714117647058823,42011.705882352944,1.5541176470588234,-2.110588235294118,228.38764705882355,102.4879411764706,3.865882352941176,14.090166666666669,0.3596666666666667,8.0
2024-05-22 22:00:00,2024.0,143.0,22.0,6.529833333333333,0.4038333333333333,3.395166666666667,2.5203333333333333,3.5773333333333333,389.2,-15.144444444444444,2.186666666666667,6.863333333333334,64143.46666666667,2.084888888888889,-1.2522222222222223,228.45844444444444,102.45022222222222,3.888444444444444,13.221,-0.0708333333333333,9.0
2024-05-22 23:00:00,2024.0,143.0,23.0,5.524259259259259,-1.3887037037037036,2.162962962962963,3.741851851851852,4.2646296296296295,377.49487179487176,-4.982051282051282,-9.994871794871797,7.459743589743589,106171.23076923077,2.125128205128205,-1.4630555555555556,228.52743589743588,102.41128205128204,3.910769230769231,13.292962962962964,0.4214814814814815,7.0
2024-05-23 00:00:00,2024.0,144.0,0.0,4.512833333333333,-0.8153333333333334,1.2503333333333333,1.4555,1.8011666666666666,378.8666666666667,1.1777777777777776,-0.1944444444444444,8.165555555555555,114572.38888888888,2.345925925925926,-0.7103703703703703,228.5987037037037,102.36796296296296,3.9305555555555554,12.950833333333332,-0.0018333333333333,4.0
2024-05-23 01:00:00,2024.0,144.0,1.0,5.208947368421053,-4.475789473684211,-1.3919298245614036,1.5996491228070178,1.073859649122807,363.27777777777777,17.0,-2.685185185185185,7.857037037037037,127527.85185185184,2.072962962962963,-0.3673076923076923,228.67444444444445,102.32148148148148,3.952962962962963,13.196315789473685,-0.0084210526315789,5.0
2024-05-23 02:00:00,2024.0,144.0,2.0,5.0030909090909095,-4.386363636363637,-0.6083636363636363,1.8807272727272728,1.6245454545454547,361.1818181818182,11.931818181818182,-3.0454545454545454,7.500909090909091,124771.72727272728,1.958181818181818,-0.6371428571428571,228.70136363636365,102.30772727272728,3.963636363636364,13.347454545454546,0.1716363636363636,7.0
2024-05-23 03:00:00,2024.0,144.0,3.0,4.958,-3.8782222222222233,1.947555555555556,1.7948888888888888,2.2124444444444444,360.4263157894737,-3.889473684210527,-6.178947368421053,6.983157894736842,105050.0,1.82,-0.735,228.73105263157896,102.29263157894736,3.972631578947369,13.500222222222222,0.146,7.0
2024-05-23 04:00:00,2024.0,144.0,4.0,5.764576271186441,-0.1952542372881356,3.419322033898305,-0.7440677966101694,-0.0266101694915254,372.4061224489796,-8.263265306122449,4.210204081632654,7.190408163265306,93466.1836734694,1.9979591836734687,0.1577083333333333,228.76734693877552,102.26897959183674,3.982040816326531,13.066271186440677,-0.0813559322033898,10.0
2024-05-23 05:00:00,2024.0,144.0,5.0,6.384833333333333,2.5731666666666664,4.0475,-2.254166666666667,-1.549,376.18409090909086,-5.463636363636364,0.7090909090909091,7.365454545454545,86519.27272727272,2.087727272727273,0.6375000000000001,228.82704545454544,102.23363636363636,3.997045454545455,12.794,0.0158333333333333,7.0
2024-05-23 06:00:00,2024.0,144.0,6.0,6.314285714285715,2.425892857142857,4.98,-2.3073214285714285,-1.6535714285714285,374.55,-10.113157894736842,1.536842105263158,7.080000000000001,95168.76315789472,1.9842105263157896,0.5728947368421052,228.89210526315787,102.19131578947368,4.023421052631579,13.05714285714286,-0.0003571428571428,2.0
2024-05-23 07:00:00,2024.0,144.0,7.0,7.391818181818182,3.5667272727272725,4.390727272727273,-4.616,-4.205636363636364,377.6815789473684,-6.886842105263158,11.447368421052632,6.1302631578947375,86766.84210526316,1.7492105263157895,1.506,228.9365789473684,102.16657894736842,4.03421052631579,12.94709090909091,-0.4421818181818182,0.0
2024-05-23 08:00:00,2024.0,144.0,8.0,7.059491525423729,2.907627118644068,4.622033898305085,-1.0210169491525425,-0.7520338983050847,379.2130434782608,-10.291304347826088,-2.6586956521739133,4.749782608695653,132398.60869565216,1.3665217391304347,0.3769565217391304,228.9971739130435,102.1336956521739,4.049782608695652,13.976610169491526,0.2123728813559322,-8.0
2024-05-23 09:00:00,2024.0,144.0,9.0,6.980465116279071,2.88,4.987906976744186,3.369767441860465,3.558372093023256,375.6473684210527,-17.11578947368421,-30.589473684210528,4.41,154198.47368421053,1.2410526315789472,-1.143333333333333,229.03894736842105,102.10315789473684,4.062631578947368,14.586046511627908,1.3225581395348838,-10.0
2024-05-23 10:00:00,2024.0,144.0,10.0,7.044655172413792,1.5689655172413792,5.656379310344827,-2.3329310344827587,-2.183793103448276,366.6794871794872,-17.192307692307693,-2.67948717948718,4.85974358974359,151853.35897435897,1.3066666666666666,0.5164102564102564,229.09051282051283,102.07153846153848,4.079487179487179,14.047068965517242,0.0229310344827586,-10.0
2024-05-23 11:00:00,2024.0,144.0,11.0,6.553220338983051,2.4645762711864405,2.810508474576271,-4.183220338983051,-4.109491525423729,366.25531914893617,-5.382978723404255,4.004255319148936,5.368510638297872,154630.78723404257,1.4397872340425533,1.5023404255319148,229.1527659574468,102.03659574468084,4.097872340425532,13.464915254237289,-0.0969491525423728,-14.0
2024-05-23 12:00:00,2024.0,144.0,12.0,6.479152542372881,1.731864406779661,0.4488135593220339,-5.903728813559322,-5.885084745762712,358.15277777777777,-7.788888888888888,-1.9944444444444445,5.286666666666666,138369.72222222222,1.3580555555555556,2.0975,229.21916666666664,101.99666666666668,4.120277777777778,13.310677966101697,0.1042372881355932,-14.0
2024-05-23 13:00:00,2024.0,144.0,13.0,6.943488372093023,0.1137209302325581,0.3576744186046511,-6.630930232558139,-6.597906976744185,357.9037037037037,-14.433333333333334,-3.548148148148148,5.155185185185185,100211.4074074074,1.3218518518518518,2.29,229.2588888888889,101.96592592592592,4.132222222222222,13.224418604651165,0.0774418604651162,-14.0
2024-05-23 14:00:00,2024.0,144.0,14.0,7.149642857142857,0.6157142857142858,1.0266071428571428,-6.939642857142857,-6.808928571428572,358.1227272727273,-22.28181818181818,-6.654545454545455,5.124545454545454,79708.36363636363,1.315,2.395714285714286,229.31772727272727,101.93136363636364,4.149090909090909,13.339107142857143,0.2173214285714285,-16.0
2024-05-23 15:00:00,2024.0,144.0,15.0,6.751499999999999,-0.1801666666666666,1.2433333333333334,-6.4825,-6.2605,360.4348837209303,-22.64186046511628,-4.379069767441861,5.147441860465117,89107.37209302325,1.3386046511627907,2.26186046511628,229.3637209302325,101.90465116279069,4.16046511627907,13.224333333333334,0.1783333333333333,-19.0
2024-05-23 16:00:00,2024.0,144.0,16.0,6.852203389830509,1.5484745762711865,2.1474576271186443,-6.12864406779661,-5.639830508474576,355.4179487179487,-23.435897435897434,-1.3974358974358974,5.527435897435898,84124.53846153847,1.3961538461538463,2.028717948717949,229.4023076923077,101.8794871794872,4.173589743589743,13.242203389830507,0.0650847457627118,-25.0
2024-05-23 17:00:00,2024.0,144.0,17.0,7.353103448275863,-0.2551724137931034,3.25,-6.368793103448276,-5.469655172413793,358.12571428571425,-22.33428571428572,-0.6657142857142856,6.174857142857143,68250.85714285714,1.584,1.9394285714285715,229.44542857142852,101.84828571428572,4.1885714285714295,12.952413793103448,0.0346551724137931,-28.0
2024-05-23 18:00:00,2024.0,144.0,18.0,7.397321428571429,-0.1930357142857142,2.96625,-6.556428571428572,-5.519464285714285,358.7736842105263,-23.87894736842105,2.4657894736842105,7.657368421052632,58324.36842105263,1.9723684210526315,1.978421052631579,229.5021052631579,101.81394736842104,4.204736842105263,12.461071428571428,-0.1119642857142857,-28.0
2024-05-23 19:00:00,2024.0,144.0,19.0,7.940333333333333,0.2356666666666666,5.534000000000001,-5.419,-3.4578333333333333,365.8362068965517,-30.15,4.498275862068965,9.935689655172414,42521.56896551724,2.6643103448275864,1.2531034482758618,229.568275862069,101.7748275862069,4.220172413793103,12.041666666666666,-0.1433333333333333,-25.0
2024-05-23 20:00:00,2024.0,144.0,20.0,8.725999999999999,0.9021666666666668,1.6881666666666668,-5.349166666666666,-4.5103333333333335,370.1277777777778,-24.22777777777777,-3.0638888888888887,11.005555555555556,42570.833333333336,3.016111111111111,1.1877777777777778,229.61694444444447,101.74583333333334,4.237222222222223,11.873,0.1808333333333333,-20.0
2024-05-23 21:00:00,2024.0,144.0,21.0,7.492241379310345,-0.1129310344827586,-0.1308620689655172,-6.856206896551725,-6.463448275862069,359.8999999999999,-17.1,9.9,11.72,43746.0,3.0400000000000005,2.803333333333333,229.66,101.71,4.25,11.768620689655172,0.036551724137931,-23.0
2024-05-23 22:00:00,2024.0,144.0,22.0,5.681666666666667,0.0403333333333333,2.5256666666666665,-1.1356666666666666,-0.1638333333333333,373.25714285714287,-37.62380952380953,-19.195238095238096,8.298095238095238,107636.19047619047,2.336190476190476,0.0619047619047618,229.7342857142857,101.6661904761905,4.271904761904762,12.792333333333334,0.6771666666666667,-26.0
2024-05-23 23:00:00,2024.0,144.0,23.0,8.0074,1.3518,6.5276,-3.8644,-1.3318,374.3333333333333,-32.083333333333336,-14.35,9.358333333333333,35614.5,2.6333333333333333,0.165,229.815,101.60666666666668,4.3,12.156199999999998,0.4422,-15.0
2024-05-24 00:00:00,2024.0,145.0,0.0,9.446833333333332,2.379,8.721,-2.6293333333333333,0.4536666666666666,364.8769230769231,-16.384615384615383,-12.16153846153846,6.896923076923077,28225.0,1.835384615384616,-0.2561538461538462,229.84153846153848,101.59076923076924,4.304615384615384,13.413166666666664,0.4391666666666667,-16.0
2024-05-24 01:00:00,2024.0,145.0,1.0,8.4845,0.5003333333333333,8.266833333333333,-1.3243333333333331,1.3318333333333332,362.4625,-23.97083333333333,-12.129166666666668,6.3741666666666665,50430.333333333336,1.6758333333333333,-0.5108333333333334,229.8983333333333,101.56083333333332,4.319166666666667,13.699666666666667,0.4024999999999999,-15.0
2024-05-24 02:00:00,2024.0,145.0,2.0,7.757017543859649,3.33280701754386,-2.233859649122807,-3.29,-3.742280701754386,368.0222222222222,-11.86111111111111,-8.86111111111111,7.526666666666666,35189.22222222222,2.026666666666667,1.382777777777778,229.9433333333333,101.53055555555557,4.331111111111111,12.84122807017544,0.2612280701754386,-12.0
2024-05-24 03:00:00,2024.0,145.0,3.0,9.400166666666667,4.626499999999999,-5.862333333333334,-5.669,-6.925,378.5291666666667,-3.491666666666667,3.2875,7.225,19957.041666666668,2.0729166666666665,2.57625,230.00333333333333,101.48958333333331,4.350833333333333,12.417,-0.0766666666666666,-11.0
2024-05-24 04:00:00,2024.0,145.0,4.0,9.739833333333332,4.470666666666667,-7.342166666666667,-4.032166666666667,-5.418833333333334,374.73333333333335,-1.7,0.9055555555555556,7.055555555555555,23652.5,1.980555555555556,2.118888888888889,230.04611111111112,101.4588888888889,4.364444444444445,12.899833333333332,-0.0143333333333333,-16.0
2024-05-24 05:00:00,2024.0,145.0,5.0,9.260847457627118,4.116101694915254,-4.453050847457628,-3.7291525423728817,-4.439830508474576,378.25217391304346,5.834782608695652,1.708695652173913,4.709565217391304,25970.391304347828,1.3478260869565215,2.022608695652174,230.1017391304348,101.42478260869564,4.3826086956521735,13.780338983050846,0.0738983050847457,-25.0
2024-05-24 06:00:00,2024.0,145.0,6.0,8.317,3.9086,-0.1562,-4.4916,-4.513,377.83529411764704,-3.670588235294118,-5.547058823529412,4.84,42299.882352941175,1.38,1.841176470588236,230.16647058823528,101.38117647058824,4.398823529411764,13.5552,0.1814,-26.0
2024-05-24 07:00:00,2024.0,145.0,7.0,8.4315,0.7651666666666668,-0.272,-1.7958333333333334,-1.7461666666666666,372.8838709677419,-4.870967741935484,1.9387096774193544,5.48,36115.58064516129,1.524516129032258,0.6945161290322581,230.2090322580645,101.35387096774193,4.409677419354839,13.769666666666666,-0.0816666666666666,-27.0
2024-05-24 08:00:00,2024.0,145.0,8.0,8.826833333333333,2.7495,-7.614333333333334,-3.1813333333333333,-3.5810000000000004,379.02608695652174,4.517391304347826,9.230434782608697,6.208260869565217,26301.652173913044,1.787826086956522,1.671304347826087,230.26652173913044,101.31130434782608,4.430869565217392,13.305833333333334,-0.3485,-21.0
2024-05-24 09:00:00,2024.0,145.0,9.0,9.484745762711864,3.6410169491525424,-8.516610169491527,-0.7506779661016949,-1.018813559322034,388.9333333333333,5.419047619047619,5.604761904761905,7.66047619047619,35670.19047619047,2.3119047619047617,0.4180952380952381,230.31857142857143,101.27714285714286,4.444285714285715,12.972542372881357,-0.2335593220338983,-21.0
2024-05-24 10:00:00,2024.0,145.0,10.0,7.960166666666667,0.9576666666666668,-5.590333333333334,-1.4955,-1.6095,392.2107142857143,10.985714285714286,-4.232142857142857,5.990357142857143,45866.67857142857,1.8475,0.5182142857142857,230.3842857142857,101.23464285714286,4.464642857142857,13.169,0.0315,-18.0
2024-05-24 11:00:00,2024.0,145.0,11.0,7.794,-2.9265,-0.0701666666666665,-3.629333333333333,-3.6376666666666666,374.375,-2.0500000000000003,7.545833333333333,4.665416666666666,86295.58333333333,1.3070833333333334,1.7191666666666665,230.4391666666667,101.19458333333334,4.4775,13.8255,-0.2483333333333333,-20.0
2024-05-24 12:00:00,2024.0,145.0,12.0,8.21,2.3825,-7.525833333333334,2.0635,1.8373333333333333,380.8625,17.975,3.125,3.7570833333333336,55645.54166666666,1.09125,-0.7241666666666666,230.4895833333333,101.16041666666666,4.492916666666667,14.977666666666666,-0.1295,-23.0
2024-05-24 13:00:00,2024.0,145.0,13.0,6.271228070175439,-2.5240350877192985,1.232280701754386,-1.261578947368421,-1.1675438596491228,376.5545454545455,-9.077272727272728,7.895454545454546,5.123181818181819,74437.90909090909,1.443181818181818,0.3433333333333333,230.53954545454545,101.12272727272726,4.508181818181818,13.798947368421052,-0.3098245614035088,-24.0
2024-05-24 14:00:00,2024.0,145.0,14.0,6.800333333333333,-4.5625,4.094833333333333,-2.774,-2.4151666666666665,380.75,2.7,7.558333333333334,5.501666666666666,69575.83333333333,1.5958333333333332,0.8608333333333333,230.58166666666668,101.09833333333334,4.5216666666666665,13.193666666666669,-0.3131666666666666,-23.0
2024-05-24 15:00:00,2024.0,145.0,15.0,5.977796610169492,-2.9508474576271184,4.3738983050847455,-0.8183050847457627,-0.2538983050847457,378.3047619047619,3.5476190476190474,11.045238095238094,5.66952380952381,74723.38095238095,1.6223809523809525,0.1752380952380952,230.64761904761903,101.0509523809524,4.541190476190476,13.541016949152542,-0.3971186440677966,-25.0
2024-05-24 16:00:00,2024.0,145.0,16.0,6.712166666666667,-3.4286666666666665,5.496666666666667,-1.2498333333333334,-0.2788333333333333,374.2314285714286,-0.5828571428571429,17.765714285714285,5.887428571428572,64430.514285714286,1.65,0.0688571428571428,230.698,101.01771428571428,4.553714285714285,13.59,-0.7203333333333333,-25.0
2024-05-24 17:00:00,2024.0,145.0,17.0,7.308833333333333,-3.884833333333333,6.092333333333333,-0.6685,0.6821666666666667,368.7722222222222,-2.8583333333333334,17.341666666666665,4.63,44422.16666666666,1.2594444444444444,-0.2658333333333333,230.75,100.97694444444444,4.568055555555556,14.324666666666667,-0.6611666666666667,-27.0
2024-05-24 18:00:00,2024.0,145.0,18.0,7.211304347826087,-3.536521739130435,5.932608695652173,0.5199999999999999,1.985217391304348,366.6421052631579,-0.7263157894736842,7.763157894736842,4.572105263157895,45280.52631578947,1.233157894736842,-0.7173684210526315,230.78736842105263,100.95473684210526,4.58,14.471739130434784,-0.3265217391304347,-26.0
2024-05-24 19:00:00,2024.0,145.0,19.0,7.195977254428342,-3.6234973832528174,5.503447564412237,0.6445023148148148,2.025957628824477,366.87451785492095,-0.373671768072664,5.420169217369665,4.598016672887894,54227.82213512505,1.242166853303471,-0.7338266766206296,230.8466871967152,100.9114476794824,4.596903073286052,14.459732789855074,-0.2316455314009661,-25.0
2024-05-24 20:00:00,2024.0,145.0,20.0,7.180650161030596,-3.7104730273752016,5.074286433172302,0.7690046296296296,2.066697866344606,367.1069304466841,-0.0210277466716437,3.0771805400024883,4.623928082617892,63175.11795446062,1.2511758118701006,-0.7502849321886276,230.90600597237776,100.86815851685952,4.613806146572104,14.447726449275365,-0.1367693236714975,-23.0
2024-05-24 21:00:00,2024.0,145.0,21.0,7.16532306763285,-3.797448671497585,4.645125301932366,0.8935069444444443,2.1074381038647347,367.3393430384472,0.3316162747293765,0.7341918626353117,4.649839492347891,72122.4137737962,1.2601847704367302,-0.7667431877566255,230.96532474804036,100.82486935423664,4.630709219858156,14.435720108695651,-0.0418931159420288,-19.0
2024-05-24 22:00:00,2024.0,145.0,22.0,7.149995974235105,-3.884424315619968,4.215964170692431,1.0180092592592591,2.148178341384863,367.5717556302103,0.6842602961303967,-1.608796814731865,4.6757509020778905,81069.70959313176,1.2691937290033597,-0.7832014433246236,231.02464352370288,100.78158019161378,4.647612293144208,14.423713768115944,0.0529830917874397,-11.0
2024-05-24 23:00:00,2024.0,145.0,23.0,7.134668880837359,-3.9713999597423513,3.786803039452496,1.142511574074074,2.188918578904992,367.8041682219733,1.036904317531417,-3.9517854920990425,4.701662311807889,90017.00541246735,1.2782026875699888,-0.7996596988926217,231.08396229936545,100.73829102899091,4.66451536643026,14.411707427536234,0.1478592995169083,-4.0
2024-05-25 00:00:00,2024.0,146.0,0.0,7.119341787439613,-4.058375603864735,3.35764190821256,1.2670138888888889,2.229658816425121,368.03658081373646,1.3895483389324372,-6.294774169466218,4.727573721537888,98964.3012318029,1.287211646136618,-0.8161179544606196,231.143281075028,100.69500186636805,4.681418439716312,14.399701086956522,0.2427355072463769,-1.0
2024-05-25 01:00:00,2024.0,146.0,1.0,7.104014694041868,-4.145351247987118,2.9284807769726244,1.391516203703704,2.27039905394525,368.26899340549954,1.7421923603334577,-8.637762846833393,4.753485131267887,107911.5970511385,1.2962206047032474,-0.8325762100286176,231.20259985069055,100.65171270374518,4.698321513002364,14.387694746376813,0.3376117149758455,-3.0
2024-05-25 02:00:00,2024.0,146.0,2.0,7.088687600644122,-4.232326892109501,2.499319645732689,1.5160185185185189,2.3111392914653788,368.5014059972626,2.0948363817344777,-10.98075152420057,4.779396540997885,116858.89287047404,1.305229563269877,-0.8490344655966157,231.26191862635312,100.6084235411223,4.715224586288416,14.375688405797105,0.4324879227053141,-6.0
2024-05-25 03:00:00,2024.0,146.0,3.0,7.0733605072463765,-4.319302536231884,2.070158514492753,1.6405208333333334,2.3518795289855072,368.73381858902576,2.447480403135498,-13.323740201567748,4.805307950727884,125806.18868980964,1.3142385218365062,-0.8654927211646137,231.3212374020157,100.56513437849944,4.732127659574468,14.363682065217391,0.5273641304347827,-11.0
2024-05-25 04:00:00,2024.0,146.0,4.0,7.058033413848631,-4.406278180354268,1.6409973832528175,1.7650231481481482,2.392619766505636,368.9662311807888,2.800124424536518,-15.666728878934926,4.831219360457883,134753.4845091452,1.3232474804031356,-0.8819509767326117,231.38055617767827,100.52184521587655,4.74903073286052,14.351675724637682,0.6222403381642513,-11.0
2024-05-25 05:00:00,2024.0,146.0,5.0,7.042706320450885,-4.493253824476651,1.2118362520128825,1.889525462962963,2.433360004025765,369.1986437725519,3.1527684459375385,-18.0097175563021,4.857130770187881,143700.7803284808,1.3322564389697649,-0.8984092323006097,231.4398749533408,100.47855605325368,4.765933806146572,14.339669384057972,0.7171165458937199,-10.0
2024-05-25 06:00:00,2024.0,146.0,6.0,7.02737922705314,-4.580229468599034,0.7826751207729465,2.0140277777777778,2.474100241545894,369.431056364315,3.5054124673385587,-20.35270623366928,4.88304217991788,152648.07614781635,1.3412653975363944,-0.9148674878686076,231.4991937290034,100.4352668906308,4.782836879432624,14.327663043478262,0.8119927536231886,-8.0
2024-05-25 07:00:00,2024.0,146.0,7.0,7.012052133655394,-4.667205112721417,0.3535139895330115,2.1385300925925925,2.514840479066023,369.6634689560781,3.858056488739579,-22.69569491103645,4.908953589647879,161595.37196715194,1.3502743561030237,-0.9313257434366058,231.55851250466597,100.39197772800794,4.799739952718676,14.31565670289855,0.906868961352657,-8.0
2024-05-25 08:00:00,2024.0,146.0,8.0,6.996725040257648,-4.754180756843801,-0.0756471417069244,2.263032407407408,2.5555807165861517,369.8958815478412,4.210700510140599,-25.03868358840363,4.9348649993778775,170542.6677864875,1.359283314669653,-0.9477839990046036,231.6178312803285,100.34868856538507,4.816643026004728,14.30365036231884,1.0017451690821255,-9.0
2024-05-25 09:00:00,2024.0,146.0,9.0,6.981397946859903,-4.8411564009661845,-0.5048082729468595,2.3875347222222225,2.5963209541062806,370.1282941396043,4.56334453154162,-27.38167226577081,4.9607764091078765,179489.96360582308,1.3682922732362823,-0.9642422545726016,231.67715005599104,100.3053994027622,4.83354609929078,14.291644021739131,1.0966213768115942,-8.0
2024-05-25 10:00:00,2024.0,146.0,10.0,6.966070853462157,-4.928132045088567,-0.9339694041867954,2.5120370370370373,2.637061191626409,370.3607067313674,4.91598855294264,-29.724660943137984,4.986687818837876,188437.25942515864,1.3773012318029116,-0.9807005101405998,231.73646883165364,100.26211024013934,4.850449172576832,14.27963768115942,1.191497584541063,-8.0
2024-05-25 11:00:00,2024.0,146.0,11.0,6.950743760064412,-5.01510768921095,-1.3631305354267311,2.636539351851852,2.677801429146538,370.5931193231305,5.26863257434366,-32.06764962050516,5.012599228567874,197384.5552444942,1.3863101903695412,-0.9971587657085978,231.79578760731616,100.21882107751648,4.867352245862884,14.26763134057971,1.2863737922705316,-6.0
2024-05-25 12:00:00,2024.0,146.0,12.0,6.935416666666666,-5.102083333333334,-1.7922916666666666,2.761041666666667,2.718541666666667,370.8255319148936,5.62127659574468,-34.41063829787234,5.038510638297873,206331.8510638298,1.3953191489361705,-1.0136170212765958,231.8551063829788,100.1755319148936,4.884255319148936,14.255625,1.38125,-5.0
2024-05-25 13:00:00,2024.0,146.0,13.0,6.314333333333334,-5.8181666666666665,-0.6886666666666666,0.3811666666666667,0.3481666666666667,366.6870967741936,13.919354838709678,-22.083870967741937,5.4883870967741935,291454.48387096776,1.4819354838709675,-0.1632258064516129,231.90516129032247,100.13548387096772,4.897741935483872,14.0725,0.7878333333333333,-2.0
2024-05-25 14:00:00,2024.0,146.0,14.0,6.4605,-4.252666666666666,3.9135,-1.5785000000000002,-1.2496666666666667,388.7282051282051,-40.03333333333333,-1.123076923076923,4.947179487179487,214278.8205128205,1.4994871794871796,0.5284615384615384,231.9394871794872,100.10846153846154,4.908974358974359,13.859666666666667,0.1103333333333333,-2.0
2024-05-25 15:00:00,2024.0,146.0,15.0,7.343859649122807,-3.229122807017544,5.771929824561403,-2.4187719298245614,-1.7143859649122808,403.0365853658537,-35.1609756097561,0.5292682926829269,4.781219512195122,181907.43902439025,1.5543902439024389,0.686829268292683,231.99073170731708,100.07341463414636,4.922439024390243,13.670350877192982,-0.0017543859649122,-2.0
2024-05-25 16:00:00,2024.0,146.0,16.0,6.978666666666667,-4.208833333333334,4.019833333333334,-2.7753333333333337,-2.069666666666667,391.7204545454546,-23.220454545454547,3.3181818181818183,5.253409090909091,202579.88636363635,1.6095454545454544,0.8340909090909091,232.0472727272727,100.0268181818182,4.939090909090909,13.505666666666666,-0.0921666666666666,-3.0
2024-05-25 17:00:00,2024.0,146.0,17.0,7.298,-6.974833333333334,1.7931666666666668,-0.7318333333333332,-0.3368333333333334,371.80625,-8.009375,-6.184375,5.0703125,164729.21875,1.4040625,0.168125,232.105,99.9804761904762,4.953125,14.024833333333332,0.2725,-9.0
2024-05-25 18:00:00,2024.0,146.0,18.0,6.706666666666666,-5.6066666666666665,1.9626315789473685,-1.16140350877193,-0.6082456140350877,376.1868421052632,-6.178947368421053,1.426315789473684,4.560263157894736,151147.3947368421,1.2989473684210526,0.2305263157894737,232.14315789473685,99.95605263157894,4.966578947368421,14.102456140350878,-0.0149122807017543,-14.0
2024-05-25 19:00:00,2024.0,146.0,19.0,6.293333333333334,-5.142631578947368,2.7571929824561403,-0.7828070175438596,0.061578947368421,378.8317073170732,-20.353658536585368,2.65609756097561,4.510487804878049,156160.07317073172,1.2960975609756098,-0.0578048780487804,232.18195121951217,99.93121951219511,4.976829268292684,14.17877192982456,-0.1682456140350877,-13.0
2024-05-25 20:00:00,2024.0,146.0,20.0,6.050535714285714,-4.781964285714286,3.0517857142857143,-1.7201785714285711,-0.6466071428571428,375.4179487179487,-25.451282051282053,12.205128205128204,4.980769230769231,177639.20512820513,1.4043589743589744,0.261025641025641,232.2279487179487,99.89358974358974,4.98923076923077,13.866428571428573,-0.4830357142857143,-10.0
2024-05-25 21:00:00,2024.0,146.0,21.0,5.835714285714286,-5.445714285714286,1.544285714285714,-0.8057142857142858,-0.2357142857142857,379.07863247863247,53.56581196581196,-26.029914529914528,4.573846153846154,148039.4700854701,1.3095726495726496,0.234017094017094,232.33529914529916,99.80905982905983,5.01948717948718,13.912857142857144,1.6428571428571428,-9.0
2024-05-25 22:00:00,2024.0,146.0,22.0,5.817692307692307,-5.676153846153847,0.91,0.2876923076923077,0.5838461538461538,382.7393162393162,132.58290598290597,-64.26495726495726,4.1669230769230765,118439.73504273505,1.2147863247863249,0.207008547008547,232.4426495726496,99.72452991452992,5.04974358974359,13.720769230769232,2.25,-15.0
2024-05-25 23:00:00,2024.0,146.0,23.0,5.779375,-5.58375,0.855625,0.339375,0.6103125,386.4,211.6,-102.5,3.76,88840.0,1.12,0.18,232.55,99.64,5.08,12.900625,2.8025,-20.0
2024-05-26 00:00:00,2024.0,147.0,0.0,5.684666666666667,-5.490833333333333,0.2818333333333333,0.836,0.8835,370.65,109.85,-62.0,3.915,94652.0,1.0750000000000002,-0.1074999999999999,232.515,99.67,5.07,14.635333333333334,1.3295,-19.0
2024-05-26 01:00:00,2024.0,147.0,1.0,5.621333333333333,-5.298500000000001,-0.6045,0.1596666666666666,-0.0323333333333333,354.9,8.1,-21.5,4.07,100464.0,1.03,-0.395,232.48,99.7,5.06,14.557666666666668,0.9663333333333334,-17.0
2024-05-26 02:00:00,2024.0,147.0,2.0,5.562745098039216,-4.574509803921569,-0.7182352941176471,1.206078431372549,0.9782352941176472,376.1,64.7,7.31,3.731,100819.6,1.067,-0.623,232.666,99.552,5.115,14.396470588235294,0.4488235294117647,-14.0
2024-05-26 03:00:00,2024.0,147.0,3.0,5.572777777777778,-4.823888888888889,0.5666666666666667,1.683148148148148,1.7633333333333334,370.69,11.49,-23.520000000000003,4.304,120958.9,1.185,-0.792,232.635,99.573,5.1,14.517037037037037,0.5787037037037037,-12.0
2024-05-26 04:00:00,2024.0,147.0,4.0,5.421186440677967,-4.49728813559322,2.080508474576271,0.3052542372881356,0.6883050847457627,369.0444444444445,-15.811111111111112,2.955555555555556,4.082222222222223,126903.33333333331,1.1144444444444443,-0.1911111111111111,232.69444444444449,99.52888888888889,5.117777777777778,14.438474576271188,0.0176271186440677,-13.0
2024-05-26 05:00:00,2024.0,147.0,5.0,5.289166666666667,-3.4491666666666667,-2.4566666666666666,3.095,2.6766666666666663,386.28222222222223,-19.905555555555555,19.337777777777777,4.173111111111112,129123.66666666666,1.256222222222222,0.4004444444444445,232.79922222222223,99.45044444444444,5.145888888888889,14.231666666666667,0.2841666666666667,-12.0
2024-05-26 06:00:00,2024.0,147.0,6.0,4.800625,0.9065625,3.230625,-2.9778125,-2.6140625,403.52,-24.0,35.72,4.264,131344.0,1.398,0.9920000000000002,232.904,99.372,5.174,13.4278125,-1.2928125,-11.0
2024-05-26 07:00:00,2024.0,147.0,7.0,4.975869565217391,-0.9243478260869564,2.483913043478261,-2.4210869565217394,-2.242391304347826,406.6166666666666,-12.533333333333331,33.800000000000004,4.201666666666667,109631.0,1.3766666666666667,0.8233333333333334,232.89,99.37833333333332,5.175,13.586521739130434,-1.1819565217391304,-11.0
2024-05-26 08:00:00,2024.0,147.0,8.0,4.8879166666666665,-0.9797916666666668,0.8085416666666667,-0.5235416666666667,-0.4783333333333333,414.9428571428571,-16.692857142857143,30.07857142857143,3.908571428571429,135076.85714285713,1.342142857142857,0.7407142857142857,232.92714285714283,99.34857142857145,5.184285714285714,14.00125,-0.5072916666666667,-12.0
2024-05-26 09:00:00,2024.0,147.0,9.0,4.925172413793104,-2.7158620689655173,-2.20896551724138,3.404137931034483,3.3641379310344828,385.3999999999999,13.4,-24.8,3.43,107996.0,1.02,-1.31,233.01,99.28000000000002,5.21,14.725862068965515,0.8172413793103448,-11.0
2024-05-26 10:00:00,2024.0,147.0,10.0,5.059322033898305,-3.7535593220338974,-0.8286440677966102,2.0318644067796607,2.02542372881356,374.00714285714287,14.478571428571428,3.507142857142857,3.735714285714285,122174.5,1.0435714285714286,-0.2335714285714285,233.07857142857145,99.22571428571428,5.224285714285714,14.527966101694917,0.4505084745762711,-7.0
2024-05-26 11:00:00,2024.0,147.0,11.0,5.054166666666666,-3.2096666666666667,-0.07,-0.4315,-0.4326666666666667,377.75,13.959090909090907,10.513636363636364,4.090909090909091,129149.45454545454,1.1777272727272727,0.1795454545454545,233.11,99.20136363636362,5.235454545454545,14.021999999999998,-0.3869999999999999,-8.0
2024-05-26 12:00:00,2024.0,147.0,12.0,5.138983050847457,-1.6340677966101695,0.0386440677966101,-1.6238983050847458,-1.6215254237288137,385.885,14.55,11.49,4.0435,151406.65,1.2075,0.7421052631578947,233.171,99.1495,5.249499999999999,13.904237288135594,-0.6440677966101694,-10.0
2024-05-26 13:00:00,2024.0,147.0,13.0,5.559827586206897,-0.4056896551724138,-1.879137931034483,0.9213793103448276,0.8432758620689654,396.2304347826087,39.452173913043474,-26.695652173913043,3.6630434782608696,123027.78260869563,1.1478260869565218,-0.6909090909090909,233.2778260869565,99.06347826086956,5.281739130434783,14.062241379310343,0.6820689655172414,-11.0
2024-05-26 14:00:00,2024.0,147.0,14.0,6.163157894736842,-2.8508771929824563,-0.2464912280701754,2.242982456140351,2.235438596491228,371.8769230769231,11.73076923076923,-35.392307692307696,3.467692307692308,90350.46153846152,0.9592307692307692,-1.4746153846153849,233.3607692307692,99.00307692307692,5.3015384615384615,14.492105263157894,1.1719298245614034,-17.0
2024-05-26 15:00:00,2024.0,147.0,15.0,6.01795918367347,-3.249795918367348,-2.016734693877551,2.5500000000000003,2.321428571428572,374.7176470588235,37.07058823529412,-17.576470588235296,3.597058823529412,90222.0588235294,1.0111764705882351,-0.4647058823529412,233.37882352941176,98.98647058823528,5.309411764705882,14.653469387755102,0.9359183673469388,-18.0
2024-05-26 16:00:00,2024.0,147.0,16.0,6.22457627118644,-4.3738983050847455,-0.5864406779661017,4.1789830508474575,4.029152542372882,361.05,24.821428571428573,-29.9,3.4314285714285715,72523.5,0.8964285714285715,-1.4507142857142856,233.47571428571428,98.90785714285714,5.335,15.072372881355932,1.1859322033898303,-22.0
2024-05-26 17:00:00,2024.0,147.0,17.0,6.362931034482759,-4.624137931034483,-1.188793103448276,4.086724137931035,3.7522413793103446,354.0060606060606,27.05454545454545,-35.99696969696969,3.3145454545454545,71805.51515151515,0.8306060606060606,-1.3033333333333332,233.5330303030303,98.86242424242424,5.347575757575758,15.261206896551723,1.4336206896551724,-21.0
2024-05-26 18:00:00,2024.0,147.0,18.0,6.310535714285714,-4.795,0.0482142857142857,3.725178571428572,3.6219642857142857,356.73448275862074,15.086206896551724,-32.34137931034483,3.3572413793103446,68673.86206896552,0.853793103448276,-1.303793103448276,233.5072413793104,98.87655172413794,5.345172413793103,15.24642857142857,1.4532142857142856,-22.0
2024-05-26 19:00:00,2024.0,147.0,19.0,6.386818181818182,-5.010681818181818,-0.8931818181818181,3.5002272727272725,3.101590909090909,350.7,21.49411764705882,-31.017647058823528,3.332941176470588,76995.82352941176,0.8205882352941177,-1.0342857142857145,233.55,98.85117647058824,5.355294117647058,15.325909090909091,1.5295454545454543,-27.0
2024-05-26 20:00:00,2024.0,147.0,20.0,6.387627118644068,-5.038135593220339,2.985423728813559,1.4159322033898307,2.289830508474576,352.02857142857147,-17.552380952380954,-5.180952380952381,3.317619047619048,70320.40476190476,0.8233333333333333,-0.7928571428571428,233.6180952380952,98.78928571428573,5.373333333333333,15.547796610169492,0.3330508474576271,-27.0
2024-05-26 21:00:00,2024.0,147.0,21.0,7.057333333333333,-5.918166666666666,3.2025,1.665,2.6333333333333333,345.8542857142857,-17.997142857142858,-7.151428571428572,3.3200000000000003,52165.17142857143,0.7948571428571428,-0.9317142857142856,233.66971428571424,98.748,5.387714285714286,15.610166666666666,0.4684999999999999,-17.0
2024-05-26 22:00:00,2024.0,147.0,22.0,8.042542372881355,-6.718135593220339,1.203728813559322,3.2710169491525427,3.485254237288136,348.634375,-9.75625,-8.640625,4.00875,65762.4375,0.9765625,-1.0821875,233.7234375,98.700625,5.3996875,15.168474576271189,0.8789830508474576,-11.0
2024-05-26 23:00:00,2024.0,147.0,23.0,7.673333333333334,-5.937407407407408,-1.5412962962962964,4.540740740740741,3.768148148148148,356.8271875,3.1343750000000004,-19.3028125,4.062125,73992.06875,1.03828125,-1.36609375,233.79321875,98.6443125,5.419593750000001,15.191666666666666,2.145555555555556,-6.0
2024-05-27 00:00:00,2024.0,148.0,0.0,7.371132075471698,-5.002075471698113,-1.0826415094339623,4.962264150943396,4.356037735849057,365.02,16.025,-29.965000000000003,4.1155,82221.7,1.1,-1.65,233.863,98.588,5.439500000000001,14.976037735849056,1.711698113207547,-5.0
2024-05-27 01:00:00,2024.0,148.0,1.0,7.433877551020408,-6.013469387755102,1.6312244897959185,3.062857142857143,3.3981632653061222,360.3944444444445,0.8888888888888891,-16.533333333333335,4.258333333333334,82568.44444444444,1.107222222222222,-1.1266666666666667,233.91166666666663,98.54944444444445,5.451111111111112,14.841428571428573,0.5867346938775511,-1.0
2024-05-27 02:00:00,2024.0,148.0,2.0,6.695666666666667,-4.421,2.9170000000000003,-0.5943333333333333,0.1816666666666666,372.8833333333333,14.45,4.433333333333334,5.923666666666667,66698.13333333333,1.7523333333333333,-0.1443333333333333,233.97366666666667,98.49366666666668,5.468999999999999,13.712333333333332,-0.1586666666666666,0.0
2024-05-27 03:00:00,2024.0,148.0,3.0,3.792333333333333,-3.0115,0.6671666666666667,-1.2143333333333333,-1.031,405.6290322580645,27.425806451612903,3.361290322580645,12.09032258064516,83056.03225806452,3.986129032258064,0.3961290322580645,234.1,98.38774193548387,5.503548387096774,11.663833333333336,-0.0973333333333333,-1.0
2024-05-27 04:00:00,2024.0,148.0,4.0,4.675833333333333,-2.916166666666667,2.139333333333333,-1.7528333333333337,-1.3443333333333334,404.728,23.52,6.5760000000000005,10.9196,73847.16,3.5848,0.6876000000000001,234.1456,98.352,5.5164,11.805666666666667,-0.1851666666666666,0.0
2024-05-27 05:00:00,2024.0,148.0,5.0,5.549322033898306,-1.956271186440678,3.683220338983051,-3.1584745762711863,-2.601355932203389,400.2714285714286,15.5,9.776190476190475,8.955238095238096,82626.90476190476,2.873333333333333,0.9804761904761904,234.1942857142857,98.30428571428573,5.53,11.668474576271189,-0.2059322033898305,0.0
2024-05-27 06:00:00,2024.0,148.0,6.0,4.741578947368421,-4.358245614035088,1.0810526315789473,-1.433157894736842,-1.3163157894736843,402.1285714285714,16.985714285714284,3.757142857142857,11.927142857142856,63247.71428571428,3.858571428571428,0.4357142857142856,234.24714285714285,98.27285714285712,5.54,11.637017543859647,-0.1098245614035087,-2.0
2024-05-27 07:00:00,2024.0,148.0,7.0,4.846363636363637,-4.540727272727273,1.134,-0.9965454545454546,-0.9252727272727272,396.0,25.7,-0.9,12.11,142135.0,3.8,0.1166666666666666,234.25,98.27,5.54,11.812545454545454,-0.0958181818181818,2.0
2024-05-27 08:00:00,2024.0,148.0,8.0,5.378333333333334,-4.85875,1.1666666666666667,-1.6345833333333335,-1.5897916666666667,394.8,34.5,0.9166666666666666,11.546666666666669,135384.33333333334,3.6033333333333335,0.655,234.28,98.24333333333334,5.55,11.976041666666667,0.0297916666666666,-1.0
2024-05-27 09:00:00,2024.0,148.0,9.0,7.451833333333334,-6.8340000000000005,0.7573333333333333,1.0573333333333332,1.0643333333333334,359.7903225806452,16.861290322580647,-12.019354838709678,4.873870967741936,73933.83870967742,1.2645161290322582,-0.8203225806451613,234.3525806451613,98.1816129032258,5.571612903225806,14.018333333333334,0.2485,-9.0
2024-05-27 10:00:00,2024.0,148.0,10.0,7.426734693877552,-6.313673469387755,0.9746938775510204,3.506326530612245,3.507755102040816,363.8294117647059,15.182352941176472,-11.152941176470588,4.677058823529412,89458.58823529411,1.2388235294117649,-1.2288235294117646,234.3994117647059,98.13941176470588,5.581764705882353,14.416326530612244,0.2951020408163265,-10.0
2024-05-27 11:00:00,2024.0,148.0,11.0,6.540384615384616,-4.567115384615385,1.5828846153846154,2.892307692307692,2.8921153846153844,385.7684210526316,9.6,-3.405263157894737,5.769473684210527,83278.31578947368,1.736842105263158,-1.816315789473684,234.4710526315789,98.07894736842104,5.604736842105263,14.12826923076923,-0.1234615384615384,-12.0
2024-05-27 12:00:00,2024.0,148.0,12.0,6.898909090909091,-6.071454545454546,2.700181818181818,1.0818181818181818,1.1067272727272728,354.45,-3.3400000000000007,-0.025,5.148,58049.85,1.353,-0.2026315789473684,234.5135,98.042,5.6125,15.389272727272727,-0.0907272727272727,-4.0
2024-05-27 13:00:00,2024.0,148.0,13.0,4.433793103448276,-3.382068965517241,2.2624137931034483,-1.538103448275862,-1.4622413793103448,378.7,3.1181818181818177,7.011363636363637,10.511818181818182,48363.0,3.0170454545454546,0.5268181818181819,234.56500000000003,97.99795454545456,5.63,12.20603448275862,-0.2098275862068965,-4.0
2024-05-27 14:00:00,2024.0,148.0,14.0,6.244166666666667,-4.538666666666667,3.975666666666666,-0.8911666666666667,-0.6241666666666668,371.52580645161294,-6.032258064516129,10.038709677419355,8.500645161290322,41167.29032258064,2.360967741935484,0.3125806451612903,234.6458064516129,97.92967741935485,5.6493548387096775,13.114666666666666,-0.3425,-10.0
2024-05-27 15:00:00,2024.0,148.0,15.0,6.993333333333334,-5.170833333333333,4.458,1.153,1.6248333333333334,366.0341463414634,-12.40731707317073,2.5390243902439025,5.42829268292683,32032.829268292684,1.4568292682926829,-0.5853658536585366,234.7331707317073,97.85268292682927,5.674390243902439,14.115333333333332,-0.1113333333333333,-12.0
2024-05-27 16:00:00,2024.0,148.0,16.0,6.758333333333334,-5.562,3.184833333333333,1.8735,2.328333333333333,356.7432432432432,-13.54054054054054,-4.194594594594594,4.928648648648649,33828.54054054054,1.257027027027027,-0.8232432432432433,234.80594594594595,97.7927027027027,5.693513513513514,14.387833333333331,0.1718333333333333,-12.0
2024-05-27 17:00:00,2024.0,148.0,17.0,6.11,-5.075769230769231,1.950192307692308,2.6680769230769235,3.000384615384616,354.5875,-9.3775,-7.26,5.4815,34348.55,1.38575,-1.0617948717948718,234.87225,97.738,5.7105,14.071346153846154,0.2771153846153846,-10.0
2024-05-27 18:00:00,2024.0,148.0,18.0,4.951509433962264,-3.694528301886793,2.192641509433962,2.3794339622641507,2.842830188679245,369.1785714285714,-1.580952380952381,-0.3523809523809524,7.699761904761904,28629.261904761905,2.1002380952380952,-1.036829268292683,234.93,97.68976190476192,5.727619047619048,13.187169811320754,0.0256603773584905,-9.0
2024-05-27 19:00:00,2024.0,148.0,19.0,4.656607142857142,-3.077142857142857,-0.9526785714285716,2.49375,2.111607142857143,360.9105263157895,-8.789473684210526,-3.039473684210526,6.132894736842106,34635.47368421053,1.598157894736842,-0.7655263157894737,234.9844736842105,97.63736842105264,5.741842105263157,13.750535714285714,0.09375,-10.0
2024-05-27 20:00:00,2024.0,148.0,20.0,4.416666666666667,-0.2870175438596491,-4.106491228070175,1.1719298245614034,-0.1614035087719298,373.2711538461538,-14.176923076923078,0.676923076923077,6.012884615384616,32005.115384615383,1.6765384615384618,0.0805882352941176,235.0509615384616,97.57730769230768,5.760192307692307,13.631754385964912,-0.0284210526315789,-7.0
2024-05-27 21:00:00,2024.0,148.0,21.0,4.565333333333333,1.3383333333333334,-4.075,-1.1708333333333334,-2.436,371.2796296296296,-11.044444444444444,0.0722222222222222,6.533518518518519,35491.648148148146,1.8016666666666663,0.8672222222222222,235.11703703703705,97.51740740740742,5.775925925925925,13.3035,0.0005,-5.0
2024-05-27 22:00:00,2024.0,148.0,22.0,4.983191489361702,1.115531914893617,-4.227872340425532,-2.343191489361702,-3.616382978723404,371.2578947368421,-11.110526315789471,-5.126315789473685,6.011052631578948,37033.52631578947,1.653684210526316,1.2694117647058822,235.1668421052632,97.4778947368421,5.785789473684211,13.338085106382978,0.2227659574468085,-6.0
2024-05-27 23:00:00,2024.0,148.0,23.0,5.180178571428571,1.975892857142857,-2.643392857142857,1.2264285714285712,0.2939285714285714,362.7846153846154,-8.551282051282051,7.266666666666666,5.789487179487179,34758.97435897436,1.5284615384615383,-0.0105263157894736,235.20589743589744,97.44410256410256,5.798974358974359,13.808392857142858,-0.4155357142857143,-7.0
2024-05-28 00:00:00,2024.0,149.0,0.0,5.6425,2.392333333333333,-4.166666666666667,0.1648333333333333,-1.1456666666666666,351.3803921568628,-23.32549019607843,10.48235294117647,5.526274509803921,30233.78431372549,1.3672549019607845,0.422156862745098,235.2817647058824,97.37843137254902,5.820196078431373,14.0435,-0.4413333333333333,-5.0
2024-05-28 01:00:00,2024.0,149.0,1.0,5.690333333333333,3.8535,-1.6096666666666666,3.344,2.735,336.995,-8.692499999999999,33.275,5.44325,29732.7,1.23975,-0.908,235.3395,97.33075,5.8365,14.367,-1.4456666666666669,-6.0
2024-05-28 02:00:00,2024.0,149.0,2.0,5.145964912280702,3.370175438596492,-0.6059649122807017,2.944210526315789,2.68140350877193,340.1733333333333,-2.551111111111111,25.020000000000003,6.867777777777778,36332.48888888889,1.6075555555555556,-0.8672727272727272,235.3831111111111,97.29133333333333,5.847555555555555,13.914561403508772,-1.052982456140351,-8.0
2024-05-28 03:00:00,2024.0,149.0,3.0,3.850862068965517,2.4775862068965515,0.4467241379310345,1.7291379310344828,1.7879310344827586,343.8549019607843,1.7,12.766666666666667,8.846470588235295,48126.21568627451,2.1174509803921566,-0.6725490196078431,235.4443137254902,97.2329411764706,5.86313725490196,13.182586206896552,-0.46,-8.0
2024-05-28 04:00:00,2024.0,149.0,4.0,2.63,-0.3070588235294118,0.1123529411764706,2.548235294117647,2.527058823529412,351.3428571428572,1.9285714285714288,3.128571428571429,12.458571428571428,24695.14285714286,3.0728571428571425,-0.7975,235.51,97.18,5.88,12.392352941176467,-0.0852941176470588,-4.0
2024-05-28 05:00:00,2024.0,149.0,5.0,3.386909090909091,-1.7609090909090908,1.4205454545454546,2.375090909090909,2.5425454545454547,354.59591836734694,6.263265306122449,0.9816326530612244,11.071224489795918,25914.73469387755,2.7844897959183674,-0.91,235.5742857142857,97.12183673469389,5.895102040816327,12.589818181818185,-0.0289090909090909,2.0
2024-05-28 06:00:00,2024.0,149.0,6.0,3.984137931034483,-1.8582758620689648,1.3115517241379309,3.0493103448275862,3.1598275862068967,354.26750000000004,8.8,-8.35,11.243,24924.25,2.824,-1.208205128205128,235.6555,97.048,5.9185,12.555862068965515,0.2498275862068965,4.0
2024-05-28 07:00:00,2024.0,149.0,7.0,4.765945945945946,-2.2845945945945947,1.4108108108108108,3.9045945945945935,3.975135135135136,351.1333333333333,11.272222222222222,-11.255555555555556,10.825,23713.277777777777,2.6744444444444446,-1.34,235.6988888888889,97.0127777777778,5.930000000000001,12.714324324324323,0.4886486486486487,4.0
2024-05-28 08:00:00,2024.0,149.0,8.0,4.309491525423729,-1.6523728813559322,2.203728813559322,3.189322033898305,3.247457627118644,344.2333333333333,11.43888888888889,-12.375,11.993611111111113,13608.333333333334,2.844444444444445,-1.1183333333333332,235.76194444444445,96.95555555555556,5.947222222222223,12.545084745762711,0.4513559322033898,8.0
2024-05-28 09:00:00,2024.0,149.0,9.0,4.835593220338983,-1.8284745762711865,2.513728813559322,3.687796610169492,3.7015254237288135,341.7625,9.135,-12.115,9.5385,10025.225,2.229,-1.26325,235.80625,96.919,5.95775,13.072372881355932,0.4784745762711864,9.0
2024-05-28 10:00:00,2024.0,149.0,10.0,4.532586206896552,-1.9086206896551725,2.154655172413793,3.2281034482758617,3.213448275862069,335.2304347826087,7.289130434782609,-12.958695652173914,9.906086956521738,16415.565217391304,2.226304347826087,-1.0406666666666666,235.8878260869565,96.8408695652174,5.98195652173913,13.042758620689655,0.5013793103448276,7.0
2024-05-28 11:00:00,2024.0,149.0,11.0,4.2035,-1.9766666666666663,2.1496666666666666,2.918833333333333,2.902333333333333,333.1119047619048,6.616666666666666,-11.342857142857142,10.628333333333334,18388.761904761905,2.3597619047619047,-1.0026190476190475,235.91761904761907,96.81738095238094,5.984285714285714,12.911,0.4413333333333333,6.0
2024-05-28 12:00:00,2024.0,149.0,12.0,4.521034482758621,-2.9284482758620687,0.5524137931034483,2.67051724137931,2.670172413793104,337.0288888888889,9.284444444444444,-7.302222222222222,9.055777777777775,16957.533333333333,2.055111111111111,-0.8679545454545454,236.02622222222223,96.7208888888889,6.015111111111112,13.226206896551725,0.2736206896551724,3.0
2024-05-28 13:00:00,2024.0,149.0,13.0,4.8544067796610175,-3.1045762711864406,1.0622033898305083,3.488305084745763,3.5164406779661017,336.3511111111111,4.7,-9.22222222222222,7.881555555555556,12888.822222222225,1.7799999999999998,-1.1706818181818182,236.06844444444445,96.67866666666669,6.028,13.53949152542373,0.3605084745762711,0.0
2024-05-28 14:00:00,2024.0,149.0,14.0,5.285593220338983,-3.285593220338983,1.5891525423728814,3.816779661016949,3.902372881355933,338.3142857142857,3.0457142857142854,-8.508571428571429,6.357714285714286,10198.314285714288,1.454,-1.3237142857142858,236.12085714285712,96.63371428571428,6.039142857142857,13.96271186440678,0.3433898305084746,1.0
2024-05-28 15:00:00,2024.0,149.0,15.0,3.979473684210528,-2.366140350877193,1.5152631578947369,2.6996491228070174,2.835614035087719,335.852,2.468,-14.015999999999998,9.2046,14732.4,2.0724,-0.940408163265306,236.167,96.5888,6.0522,13.168947368421051,0.5382456140350877,5.0
2024-05-28 16:00:00,2024.0,149.0,16.0,4.332203389830508,-2.7706779661016947,0.885593220338983,3.141694915254237,3.238305084745763,333.084,5.57,-14.774,8.865599999999999,13478.94,1.9638,-1.0814,236.2404,96.523,6.0724,13.357118644067798,0.6008474576271187,8.0
2024-05-28 17:00:00,2024.0,149.0,17.0,5.539423076923077,-3.321346153846154,1.9015384615384607,3.9825,4.274230769230769,333.29999999999995,4.5,-15.429032258064517,6.496774193548387,11271.967741935485,1.4432258064516128,-1.4348275862068964,236.28451612903223,96.4858064516129,6.0841935483870975,14.00423076923077,0.6521153846153845,10.0
2024-05-28 18:00:00,2024.0,149.0,18.0,6.5215000000000005,-2.7918333333333334,2.55,5.1530000000000005,5.615666666666667,333.1966101694915,2.196610169491525,-22.03050847457627,6.343559322033898,10574.661016949152,1.4079661016949152,-1.8761016949152545,236.3857627118644,96.39203389830509,6.11,14.177166666666666,0.9398333333333332,11.0
2024-05-28 19:00:00,2024.0,149.0,19.0,6.656521739130435,-2.5589130434782605,3.580652173913044,4.944347826086957,5.743260869565217,331.35925925925926,-0.5185185185185185,-25.803703703703704,6.685555555555555,10706.25925925926,1.4674074074074073,-1.925652173913044,236.46777777777777,96.31740740740742,6.131111111111111,14.065,1.126304347826087,10.0
2024-05-28 20:00:00,2024.0,149.0,20.0,6.674038461538462,-3.116923076923077,3.324423076923077,4.863846153846153,5.642692307692308,326.33529411764704,0.5882352941176471,-26.08235294117647,6.719411764705883,10557.117647058823,1.4311764705882353,-1.840666666666667,236.49941176470588,96.28117647058824,6.14,14.183076923076923,1.135,8.0
2024-05-28 21:00:00,2024.0,149.0,21.0,6.426363636363636,-2.885818181818182,3.0183636363636364,4.878727272727272,5.587999999999999,326.8,-0.955,-28.995,7.507,10212.85,1.602,-1.8322222222222224,236.516,96.271,6.14,13.85218181818182,1.236,7.0
2024-05-28 22:00:00,2024.0,149.0,22.0,6.615555555555556,-2.6229629629629625,3.177962962962963,5.089814814814815,5.848148148148148,324.8191489361702,-1.1063829787234043,-25.153191489361703,7.07531914893617,10170.08510638298,1.4936170212765958,-1.9065217391304348,236.57851063829787,96.21574468085107,6.159574468085107,14.060555555555554,1.1185185185185185,8.0
2024-05-28 23:00:00,2024.0,149.0,23.0,6.742999999999999,-2.0148333333333333,3.431833333333333,5.361833333333333,6.179,323.0882352941176,-0.6558823529411765,-26.24117647058824,7.811176470588235,10490.35294117647,1.63,-1.971176470588235,236.6405882352941,96.15441176470588,6.1776470588235295,13.8825,1.1246666666666667,10.0
2024-05-29 00:00:00,2024.0,150.0,0.0,6.4115,-1.8571666666666664,4.731166666666667,3.8355,5.102666666666667,320.08222222222224,-3.633333333333333,-25.48444444444444,8.084222222222223,9373.511111111113,1.6564444444444446,-1.625111111111111,236.7137777777777,96.08844444444443,6.1946666666666665,13.806666666666668,1.094833333333333,10.0
2024-05-29 01:00:00,2024.0,150.0,1.0,5.839491525423728,-1.11,4.425762711864407,3.5933898305084746,4.694237288135593,319.27096774193546,-4.106451612903226,-19.79032258064516,9.04258064516129,8135.483870967741,1.843225806451613,-1.4832258064516128,236.80193548387092,96.00870967741936,6.22,13.528813559322035,0.8513559322033899,14.0
2024-05-29 02:00:00,2024.0,150.0,2.0,6.03,-1.101896551724138,4.893793103448275,3.3236206896551725,4.441206896551724,318.9325,-3.55,-17.65,9.06925,8014.975,1.845,-1.416923076923077,236.82875,95.98225,6.2265,13.604482758620687,0.7655172413793103,15.0
2024-05-29 03:00:00,2024.0,150.0,3.0,5.8575,-1.4065,5.0205,2.623166666666666,3.628,315.88,-6.532500000000001,-16.93,10.053,8316.8,2.00725,-1.14225,236.87075,95.94225,6.23975,13.402166666666666,0.7175,13.0
2024-05-29 04:00:00,2024.0,150.0,4.0,5.771525423728813,-0.717457627118644,4.945423728813559,2.81542372881356,3.622542372881356,317.0263157894737,-6.0815789473684205,-16.38421052631579,11.072631578947368,8496.815789473685,2.225,-1.143783783783784,236.915,95.905,6.246842105263158,13.171694915254236,0.6789830508474577,16.0
2024-05-29 05:00:00,2024.0,150.0,5.0,6.217166666666667,1.1849999999999998,5.488833333333333,2.492833333333333,3.1721666666666666,319.187037037037,-1.135185185185185,-15.525925925925923,11.63074074074074,10925.87037037037,2.3712962962962965,-1.0272222222222225,236.9901851851852,95.835,6.267037037037036,13.002333333333333,0.6368333333333334,18.0
2024-05-29 06:00:00,2024.0,150.0,6.0,7.171833333333334,-1.5045,4.2316666666666665,3.736166666666666,4.094666666666667,334.2418181818182,-7.132727272727273,-12.152727272727272,11.434,22153.2,2.536363636363636,-1.344,237.0989090909091,95.73127272727274,6.297090909090909,13.016833333333333,0.463,16.0
2024-05-29 07:00:00,2024.0,150.0,7.0,7.897058823529412,-0.9950980392156864,5.616666666666666,5.125882352941177,5.405882352941176,348.6368421052632,-8.18157894736842,-7.626315789473685,10.176315789473684,19328.5,2.472631578947368,-1.88,237.16736842105263,95.66605263157896,6.311052631578948,13.049803921568628,0.29,18.0
2024-05-29 08:00:00,2024.0,150.0,8.0,8.377,-1.0676666666666668,5.348666666666667,6.291666666666667,6.3998333333333335,341.0230769230769,1.6641025641025642,-10.017948717948718,12.455128205128204,21778.33333333333,2.893333333333333,-2.1274358974358973,237.2433333333333,95.59820512820512,6.332820512820512,12.859833333333334,0.3903333333333333,22.0
2024-05-29 09:00:00,2024.0,150.0,9.0,9.098999999999998,-0.8941666666666667,6.4465,6.301666666666667,6.292166666666666,343.4558823529412,-2.617647058823529,-9.235294117647058,10.645588235294117,16033.088235294115,2.511176470588236,-2.1523529411764706,237.2744117647059,95.56558823529411,6.34,13.115666666666668,0.3636666666666667,24.0
2024-05-29 10:00:00,2024.0,150.0,10.0,8.876666666666667,-0.36,6.6985,5.557333333333333,5.4671666666666665,341.1563636363636,-4.963636363636364,-8.734545454545454,12.308545454545454,14537.2,2.865090909090909,-1.8383636363636364,237.3138181818182,95.53036363636365,6.351636363636363,12.874166666666667,0.3205,23.0
2024-05-29 11:00:00,2024.0,150.0,11.0,9.57,0.4571666666666666,6.727833333333334,6.356333333333334,6.258333333333334,341.42549019607844,-5.486274509803922,-5.441176470588236,7.854313725490196,16989.117647058825,1.8307843137254904,-2.130980392156863,237.3786274509804,95.46980392156864,6.366078431372549,13.906,0.2368333333333333,16.0
2024-05-29 12:00:00,2024.0,150.0,12.0,9.663833333333336,0.5913333333333333,6.275,7.1738333333333335,7.157166666666667,340.3270833333333,1.00625,-10.766666666666666,10.078125,16123.541666666666,2.333333333333333,-2.388333333333333,237.42645833333333,95.42395833333336,6.380416666666666,13.334166666666668,0.4346666666666667,15.0
2024-05-29 13:00:00,2024.0,150.0,13.0,10.491333333333332,1.299,8.174333333333333,6.2965,6.457833333333334,341.5951219512195,-5.902439024390244,-11.285365853658536,8.47390243902439,13542.878048780489,1.9765853658536587,-2.2665853658536586,237.4878048780488,95.3651219512195,6.398536585365855,13.847833333333334,0.4393333333333333,15.0
2024-05-29 14:00:00,2024.0,150.0,14.0,10.617551020408165,1.9563265306122448,8.925714285714285,5.13530612244898,5.605510204081633,340.7875,-9.559375,-9.253125,9.7865625,16294.375,2.2684375,-1.751290322580645,237.548125,95.3096875,6.4106250000000005,13.663673469387756,0.3908163265306122,17.0
2024-05-29 15:00:00,2024.0,150.0,15.0,10.563166666666666,1.2493333333333332,9.9305,3.231666666666667,4.141333333333333,332.9925925925926,-11.685185185185183,-10.261111111111113,12.284444444444444,18382.222222222223,2.725185185185185,-1.3892592592592592,237.6135185185185,95.24148148148149,6.43,13.042333333333334,0.4043333333333333,21.0
2024-05-29 16:00:00,2024.0,150.0,16.0,10.131,0.1963333333333333,9.9955,1.4520000000000002,2.8365,330.9232142857143,-11.716071428571428,-16.664285714285715,16.093214285714286,21446.964285714286,3.5205357142857143,-0.9348214285714286,237.6767857142857,95.18785714285715,6.446428571428571,12.424666666666669,0.6275,27.0
2024-05-29 17:00:00,2024.0,150.0,17.0,10.0425,1.0591666666666666,9.578166666666668,-0.4886666666666667,1.312,329.4586206896552,-14.944827586206896,-13.18103448275862,14.735689655172411,23847.93103448276,3.192241379310345,-0.4387931034482758,237.7329310344828,95.13206896551723,6.458620689655173,12.475,0.489,25.0
2024-05-29 18:00:00,2024.0,150.0,18.0,10.00421052631579,3.803333333333333,7.436491228070175,-4.763684210526315,-2.914736842105263,338.45964912280704,-14.063157894736843,4.547368421052632,9.281754385964913,44108.9649122807,2.127719298245614,0.9844444444444445,237.8085964912281,95.05912280701754,6.480526315789473,12.941052631578946,-0.1852631578947368,19.0
2024-05-29 19:00:00,2024.0,150.0,19.0,10.459791666666666,4.844166666666667,7.2175,-5.73125,-3.557916666666667,342.009375,-10.2625,4.684375,6.17,47627.25,1.4453125,1.1256666666666666,237.88125,94.988125,6.50125,13.660208333333332,-0.2472916666666666,11.0
2024-05-29 20:00:00,2024.0,150.0,20.0,10.159833333333331,4.581333333333333,6.8295,-5.9415,-3.643333333333333,347.46363636363634,-2.963636363636364,8.922727272727274,5.922954545454545,49339.704545454544,1.423409090909091,1.2538636363636364,237.93818181818185,94.93545454545456,6.514545454545455,13.5755,-0.391,12.0
2024-05-29 21:00:00,2024.0,150.0,21.0,10.157666666666668,4.013,7.3375,-5.7055,-3.1083333333333334,341.52000000000004,4.462857142857143,20.585714285714285,4.958,55786.22857142857,1.1571428571428573,1.086,237.9902857142857,94.88514285714284,6.5285714285714285,14.145333333333332,-0.8323333333333333,7.0
2024-05-29 22:00:00,2024.0,150.0,22.0,9.570357142857144,3.3032142857142857,7.050357142857143,-3.1476785714285715,-0.7212500000000001,335.84791666666666,11.925,31.71875,4.28875,68361.27083333333,0.965625,0.2276595744680851,238.03875,94.83645833333333,6.541250000000001,14.867678571428572,-1.4464285714285714,4.0
2024-05-29 23:00:00,2024.0,150.0,23.0,7.875932203389831,-1.841864406779661,5.030847457627119,5.74593220338983,7.038474576271186,347.82272727272726,27.1,46.63636363636363,4.095909090909091,186991.9090909091,0.9918181818181818,-2.455909090909091,238.0981818181818,94.7840909090909,6.555454545454546,14.9964406779661,-2.1233898305084744,2.0
2024-05-30 00:00:00,2024.0,151.0,0.0,8.697000000000001,-0.818,7.587000000000001,3.980166666666667,6.071166666666667,342.161403508772,28.26491228070176,44.6859649122807,3.284210526315789,152936.94736842104,0.7705263157894737,-2.0743859649122807,238.14631578947368,94.73298245614036,6.567719298245614,16.222333333333335,-2.1591666666666667,1.0
2024-05-30 01:00:00,2024.0,151.0,1.0,8.445833333333333,1.0631666666666666,8.186666666666666,1.2938333333333332,3.5055,348.7472727272727,26.974545454545453,56.48363636363637,3.2381818181818183,146192.6,0.7872727272727272,-1.233090909090909,238.21290909090908,94.66490909090908,6.585818181818182,15.946,-2.5776666666666666,1.0
2024-05-30 02:00:00,2024.0,151.0,2.0,7.371186440677966,0.0052542372881356,6.618983050847457,2.243220338983051,3.787457627118645,342.29636363636365,17.65818181818182,35.70181818181818,5.147818181818182,149194.6,1.2045454545454546,-1.2907407407407407,238.2730909090909,94.61218181818182,6.597272727272727,14.667627118644068,-1.5259322033898306,4.0
2024-05-30 03:00:00,2024.0,151.0,3.0,7.693833333333333,-0.4101666666666667,6.993666666666667,2.8866666666666663,4.2651666666666666,339.25454545454545,14.392727272727273,27.12,5.068181818181818,112391.2,1.168,-1.4450909090909092,238.32981818181813,94.55545454545457,6.614545454545455,14.850666666666664,-1.1991666666666667,5.0
2024-05-30 04:00:00,2024.0,151.0,4.0,7.691632653061224,-0.3663265306122449,7.534285714285715,0.3387755102040816,1.5889795918367349,341.2176470588235,17.026470588235295,33.62352941176471,5.581470588235295,101022.58823529413,1.299705882352941,-0.5815151515151515,238.38029411764705,94.50558823529413,6.629117647058823,14.343061224489798,-1.510408163265306,10.0
2024-05-30 05:00:00,2024.0,151.0,5.0,7.566610169491525,0.6177966101694916,6.752542372881355,-0.8508474576271187,-0.017457627118644,342.4884615384616,16.448076923076922,21.78846153846154,5.183269230769231,84686.34615384616,1.2151923076923077,-0.0963461538461538,238.4490384615385,94.43788461538462,6.645576923076923,14.297796610169492,-0.9494915254237288,11.0
2024-05-30 06:00:00,2024.0,151.0,6.0,7.260169491525424,-0.9469491525423728,6.742542372881356,2.240847457627119,2.788813559322034,337.5346153846154,13.11153846153846,16.275,5.265961538461538,84076.63461538461,1.1998076923076924,-0.9459615384615384,238.50653846153847,94.37884615384615,6.6619230769230775,14.680508474576271,-0.6930508474576271,11.0
2024-05-30 07:00:00,2024.0,151.0,7.0,7.0095,-0.9625,6.277333333333333,2.443166666666667,2.7256666666666667,334.2288461538462,9.346153846153848,8.26923076923077,5.915384615384616,81983.55769230769,1.320576923076923,-0.8688461538461538,238.56596153846155,94.3196153846154,6.676923076923076,14.4375,-0.3511666666666667,14.0
2024-05-30 08:00:00,2024.0,151.0,8.0,7.023448275862069,0.2401724137931034,6.543275862068965,1.1724137931034482,1.2612068965517242,340.9052631578947,-8.914035087719299,7.905263157894737,6.798070175438597,64722.80701754386,1.5782456140350876,-0.4183636363636363,238.630701754386,94.25736842105265,6.691228070175439,13.970344827586208,-0.3108620689655172,16.0
2024-05-30 09:00:00,2024.0,151.0,9.0,7.330166666666667,2.6348333333333334,6.150166666666666,-2.429333333333333,-2.4810000000000003,345.3040816326531,-7.389795918367348,11.6,8.177142857142858,50044.204081632655,1.9524489795918367,0.8640816326530611,238.6873469387755,94.20408163265306,6.707551020408164,13.098333333333333,-0.4366666666666666,17.0
2024-05-30 10:00:00,2024.0,151.0,10.0,6.378,-1.0016666666666667,5.234333333333334,1.7798333333333334,1.677,333.33214285714286,-9.658928571428572,-1.6089285714285713,8.321607142857143,53703.07142857143,1.852321428571429,-0.5457142857142857,238.75375000000005,94.1380357142857,6.72125,13.643,0.0925,12.0
2024-05-30 11:00:00,2024.0,151.0,11.0,3.9165306122448977,-2.170204081632653,0.1271428571428571,2.031428571428572,2.026530612244898,333.5377777777778,1.608888888888889,-2.3377777777777777,12.384444444444444,79756.3111111111,2.756,-0.6993023255813954,238.8188888888889,94.07177777777775,6.740666666666666,12.70469387755102,0.0677551020408163,13.0
2024-05-30 12:00:00,2024.0,151.0,12.0,5.586785714285715,-3.7832142857142856,1.0914285714285714,0.9703571428571428,0.9617857142857142,335.4214285714285,-6.764285714285714,1.592857142857143,12.895714285714286,81783.5,2.9,-0.3758333333333333,238.86928571428567,94.02214285714284,6.755,12.598214285714286,-0.1035714285714285,10.0
2024-05-30 13:00:00,2024.0,151.0,13.0,5.254406779661017,-0.5086440677966102,2.7108474576271187,-2.6559322033898303,-2.624067796610169,346.9618181818182,-12.774545454545455,8.123636363636363,11.521090909090908,69215.76363636364,2.769454545454545,0.8798181818181818,238.92018181818185,93.97,6.7665454545454535,12.243050847457628,-0.2696610169491525,5.0
2024-05-30 14:00:00,2024.0,151.0,14.0,6.905087719298245,-0.914561403508772,4.101754385964912,-5.083859649122807,-4.883859649122807,356.8489361702128,-19.65106382978724,5.980851063829788,10.97808510638298,60713.21276595745,2.797234042553192,1.736595744680851,238.99042553191487,93.90148936170212,6.7855319148936175,11.97140350877193,-0.1933333333333333,5.0
2024-05-30 15:00:00,2024.0,151.0,15.0,8.808983050847457,-0.2093220338983051,6.559830508474577,-4.153559322033899,-3.548135593220339,363.61041666666665,-24.74791666666667,-0.6833333333333332,9.19625,26448.20833333333,2.44125,1.30375,239.054375,93.83145833333332,6.801875,12.434237288135591,-0.0054237288135593,0.0
2024-05-30 16:00:00,2024.0,151.0,16.0,8.7935,-1.2895,6.3855,-5.789333333333333,-4.894833333333334,358.074358974359,-26.243589743589745,10.220512820512822,8.931282051282052,16455.25641025641,2.2902564102564105,1.6966666666666668,239.11384615384617,93.77615384615385,6.815384615384616,12.308833333333332,-0.3595,-3.0
2024-05-30 17:00:00,2024.0,151.0,17.0,8.054181818181819,-2.532,4.243454545454545,-6.281272727272728,-5.412909090909091,361.0189189189189,-18.502702702702702,10.667567567567568,8.175675675675675,13506.027027027028,2.132702702702703,1.9294285714285715,239.17270270270268,93.71810810810813,6.831621621621622,12.268545454545457,-0.36,-5.0
2024-05-30 18:00:00,2024.0,151.0,18.0,7.632666666666666,-3.4675,1.4853333333333334,-6.413166666666667,-5.917166666666666,352.0520833333333,-10.545833333333333,13.452083333333334,9.086666666666668,16166.041666666666,2.2495833333333333,2.0775,239.23041666666663,93.65333333333332,6.846041666666667,12.127,-0.4878333333333333,-9.0
2024-05-30 19:00:00,2024.0,151.0,19.0,8.186481481481481,-3.633888888888889,0.9472222222222222,-7.204444444444444,-6.704444444444444,349.5358974358974,-10.85897435897436,13.620512820512822,6.511282051282051,15537.0,1.5915384615384616,2.332702702702703,239.29589743589744,93.59102564102564,6.862307692307692,12.833333333333334,-0.5148148148148148,-17.0
2024-05-30 20:00:00,2024.0,151.0,20.0,8.158620689655173,-3.5548275862068968,1.0293103448275862,-7.238620689655172,-6.625,348.04,-20.694000000000003,12.192,6.3442,17542.14,1.5366,2.308775510204081,239.3638,93.5238,6.8796,12.85,-0.4517241379310345,-18.0
2024-05-30 21:00:00,2024.0,151.0,21.0,7.5,-2.804642857142857,-3.413214285714285,-4.929642857142857,-5.752321428571428,346.30285714285714,-8.62,11.714285714285714,8.849142857142859,25420.485714285714,2.121714285714286,1.9011428571428568,239.42371428571428,93.46457142857145,6.896000000000001,12.52875,-0.3623214285714285,-17.0
2024-05-30 22:00:00,2024.0,151.0,22.0,6.5205,-1.576,-4.975499999999999,-3.4523333333333333,-4.841166666666667,349.96363636363634,-11.1,-0.3290909090909091,11.943090909090907,30471.4,2.9270909090909094,1.684181818181818,239.48036363636365,93.40654545454544,6.909454545454545,12.083666666666666,0.0236666666666666,-12.0
2024-05-30 23:00:00,2024.0,151.0,23.0,6.0637288135593215,-0.5733898305084746,-4.229661016949152,-4.034745762711864,-5.145932203389831,349.8837837837838,-11.432432432432432,-4.408108108108108,15.848918918918915,33376.13513513513,3.894864864864865,1.715405405405405,239.51945945945943,93.36837837837838,6.917837837837838,11.678813559322034,0.1408474576271186,-7.0
2024-05-31 00:00:00,2024.0,152.0,0.0,3.8684745762711854,0.7218644067796611,-1.8098305084745765,-1.6247457627118644,-2.0845762711864406,351.652,-6.568,2.492,22.6734,39497.42,5.6186,0.6287755102040816,239.58,93.304,6.9336,11.20135593220339,-0.0866101694915254,-5.0
